step,bear_target,bear_other,w_cmd,on_target,v_cmd,dist_target,dist_other,estop,v_policy,cam_y2,cam_stop,gt_close,accel_clip,pred_x1,pred_y1,pred_x2,pred_y2,pred_vis
1,17.4,-5.2,-0.120,0,0.100,4.539,4.597,0,0.877,325.1,0,0,1,308.2,138.0,417.8,336.6,1.000
2,16.6,-4.6,-0.131,0,0.200,4.493,4.567,0,0.893,323.0,0,0,1,302.6,135.0,412.0,342.1,0.997
3,16.0,-3.6,-0.117,0,0.300,4.413,4.510,0,0.862,323.6,0,0,1,299.0,134.2,410.9,340.7,0.998
4,15.7,-2.7,-0.087,0,0.400,4.346,4.458,0,0.854,324.8,0,0,1,283.3,129.5,400.2,351.7,0.995
5,15.6,-1.6,-0.057,0,0.500,4.252,4.384,0,0.865,328.5,0,0,1,272.7,130.1,389.3,349.9,0.996
6,15.7,-0.5,-0.045,0,0.600,4.144,4.295,0,0.811,333.0,0,0,1,268.7,124.8,388.9,362.0,0.994
7,16.2,0.4,-0.047,0,0.700,4.102,4.193,0,0.772,336.0,0,0,1,265.7,118.5,391.3,370.1,0.996
8,16.6,1.0,-0.042,0,0.725,4.057,4.084,0,0.725,337.0,0,0,0,265.2,118.2,390.7,371.8,0.995
9,18.6,3.2,-0.149,0,0.825,3.998,3.949,0,0.857,335.2,0,0,1,313.4,140.7,414.6,343.1,0.996
10,19.8,4.5,-0.082,0,0.925,3.958,3.852,0,1.011,337.7,0,0,1,277.3,138.1,372.8,348.6,1.001
11,20.3,4.9,0.027,0,0.992,3.899,3.721,0,0.992,342.6,0,0,0,240.8,134.7,342.6,351.6,0.996
12,21.2,5.6,0.066,0,0.960,3.827,3.575,0,0.960,346.1,0,0,0,239.1,131.9,336.4,353.0,1.000
13,21.9,5.9,0.083,0,0.930,3.746,3.419,0,0.930,350.7,0,0,0,235.9,132.7,334.9,347.6,1.000
14,22.8,6.2,0.092,0,0.927,3.648,3.233,0,0.927,355.8,0,0,0,235.0,130.7,335.5,344.9,1.003
15,23.7,6.3,0.077,0,0.811,3.526,3.099,0,0.811,359.4,0,0,0,234.7,124.1,341.8,361.5,0.998
16,25.1,6.4,0.100,0,0.778,3.369,2.939,0,0.778,365.1,0,0,0,222.2,122.3,342.8,363.3,0.998
17,26.8,6.5,0.125,0,0.700,3.228,2.785,0,0.700,370.5,0,0,0,216.4,112.7,337.7,377.1,0.998
18,28.6,6.7,0.184,0,0.722,3.100,2.637,0,0.722,382.9,0,0,0,195.0,114.7,315.6,378.5,0.997
19,30.7,6.7,0.304,0,0.393,2.972,2.472,0,0.393,397.7,0,0,0,80.2,96.5,247.0,428.5,1.000
20,32.4,6.8,0.424,0,0.367,2.891,2.355,0,0.367,418.8,0,0,0,64.4,88.4,234.7,441.1,0.997
21,34.5,7.0,0.518,0,0.344,2.809,2.220,0,0.344,438.7,0,0,0,56.2,80.3,228.4,454.8,0.998
22,36.7,7.1,0.463,0,0.294,2.747,2.083,0,0.294,456.3,0,0,0,74.6,71.0,257.7,466.2,1.007
23,38.4,7.4,0.398,0,0.292,2.710,1.982,0,0.292,469.1,0,0,0,110.4,72.6,278.0,458.0,1.002
24,39.7,7.8,0.382,0,0.000,2.682,1.905,0,0.272,478.7,1,0,0,112.8,71.0,279.3,459.0,1.003
25,41.5,8.5,0.360,0,0.000,2.651,1.817,0,0.276,480.0,1,0,1,112.3,72.6,285.6,461.0,1.003
26,43.2,9.4,0.396,0,0.000,2.627,1.743,0,0.275,480.0,1,0,1,101.9,68.6,282.6,464.1,1.003
27,45.2,11.0,0.407,0,0.000,2.612,1.675,0,0.279,480.0,1,0,1,96.7,65.0,271.7,462.9,1.001
28,47.0,12.5,0.409,0,0.000,2.602,1.624,0,0.289,480.0,1,0,1,95.7,68.1,272.4,459.9,1.004
29,48.5,12.4,0.529,0,0.000,2.594,1.624,0,0.244,480.0,1,0,1,2.0,-1.8,4.6,-0.8,-0.003
30,50.3,12.3,0.600,0,0.000,2.582,1.622,0,0.241,480.0,1,0,1,1.9,-0.4,3.5,-4.4,-0.009
31,52.0,12.1,0.600,0,0.000,2.568,1.621,0,0.256,480.0,1,0,1,4.2,-0.8,3.9,-2.6,-0.005
32,53.6,11.7,0.600,0,0.000,2.552,1.620,0,0.261,480.0,1,0,1,3.0,-0.1,5.3,-1.5,-0.009
33,55.3,11.4,0.600,0,0.000,2.535,1.618,0,0.274,480.0,1,0,1,2.5,0.1,2.4,-1.7,-0.005
34,56.9,11.1,0.600,0,-0.237,2.516,1.616,0,-0.237,480.0,0,0,0,5.7,-1.3,9.2,-1.1,-0.010
35,58.6,10.8,0.600,0,-0.355,2.495,1.614,0,-0.355,479.1,0,0,0,3.3,-0.6,2.8,0.4,-0.003
36,60.6,11.0,0.600,0,-0.364,2.473,1.622,0,-0.364,477.4,0,0,0,3.9,-0.5,1.6,-1.3,-0.008
37,62.7,13.9,0.600,0,-0.353,2.450,1.652,0,-0.353,478.1,0,0,0,0.3,0.2,1.7,-2.0,-0.012
38,64.9,16.8,0.600,0,-0.314,2.420,1.692,0,-0.314,478.4,0,0,0,16.1,13.1,138.8,472.9,0.991
39,67.0,19.5,0.600,0,0.000,2.383,1.739,0,0.271,478.7,1,0,1,-0.5,-0.4,0.1,-2.7,-0.012
40,68.7,21.5,0.600,0,0.100,2.331,1.801,0,0.293,0.0,0,0,1,-0.5,0.1,-1.7,-1.5,-0.004
41,69.0,21.8,0.600,0,0.200,2.292,1.846,0,0.282,0.0,0,0,1,0.3,-0.2,-2.9,-1.9,-0.005
42,69.2,21.7,0.600,0,0.279,2.248,1.899,0,0.279,0.0,0,0,0,4.8,0.2,-0.1,-2.9,-0.005
43,69.7,21.0,0.600,0,-0.376,2.200,1.958,0,-0.376,0.0,0,0,0,8.9,-0.1,11.6,-2.2,-0.003
44,69.6,19.7,0.600,0,0.100,2.169,1.999,0,0.194,0.0,0,0,1,2.3,0.4,4.9,-3.1,-0.009
45,69.7,18.3,0.600,0,-0.390,2.140,2.056,0,-0.390,479.2,0,0,0,5.7,0.6,6.0,0.6,0.000
46,71.2,17.7,0.575,0,-0.455,2.114,2.130,0,-0.455,474.3,0,0,0,5.5,0.5,8.3,3.2,0.009
47,72.5,17.6,0.455,0,-0.462,2.101,2.185,0,-0.462,469.4,0,0,0,200.6,2.7,404.0,478.5,1.008
48,74.0,17.6,0.335,0,-0.471,2.090,2.255,0,-0.471,466.2,0,0,0,192.4,-0.0,403.3,477.7,1.007
49,75.3,17.5,0.455,0,0.100,2.084,2.340,0,0.251,461.6,0,0,1,-0.6,1.1,2.8,5.1,0.003
50,75.6,16.8,0.575,0,0.200,2.082,2.399,0,0.247,454.8,0,0,1,-1.6,1.0,4.5,0.9,-0.002
51,75.1,15.2,0.600,0,-0.268,2.082,2.465,0,-0.268,445.8,0,0,0,1.7,0.3,5.0,-1.2,-0.007
52,74.6,13.7,0.600,0,0.100,2.084,2.523,0,0.269,430.3,0,0,1,1.8,0.3,7.4,1.5,-0.006
53,74.2,12.3,0.600,0,-0.274,2.088,2.578,0,-0.274,424.8,0,0,0,1.1,-0.1,2.7,2.2,-0.006
54,73.9,11.0,0.600,0,0.100,2.094,2.628,0,0.240,423.6,0,0,1,-2.1,-0.5,4.9,1.6,-0.001
55,73.7,9.9,0.600,0,0.200,2.102,2.675,0,0.221,420.6,0,0,1,0.2,0.5,4.8,2.0,-0.008
56,73.5,8.7,0.600,0,-0.222,2.112,2.717,0,-0.222,415.7,0,0,0,2.8,-0.5,4.6,2.1,0.004
57,73.9,8.0,0.600,0,-0.202,2.121,2.754,0,-0.202,411.3,0,0,0,3.3,0.8,7.0,-0.6,-0.003
58,74.6,7.6,0.600,0,-0.244,2.133,2.794,0,-0.244,407.3,0,0,0,3.0,0.8,7.2,2.2,0.003
59,74.8,6.8,0.600,0,0.100,2.145,2.841,0,0.295,403.0,0,0,1,-0.1,0.6,-0.0,-5.3,-0.017
60,74.1,5.2,0.600,0,0.200,2.153,2.894,0,0.308,398.9,0,0,1,0.7,0.5,-0.4,-3.3,-0.008
61,73.0,3.1,0.600,0,0.298,2.155,2.948,0,0.298,393.1,0,0,0,3.5,-0.2,3.7,-7.5,-0.014
62,72.4,1.2,0.600,0,0.291,2.147,3.003,0,0.291,383.7,0,0,0,1.5,0.2,0.1,-6.0,-0.010
63,72.6,0.2,0.600,0,-0.229,2.133,3.035,0,-0.229,376.8,0,0,0,3.1,-0.4,3.0,-3.4,-0.011
64,73.1,-1.2,0.600,0,-0.247,2.114,3.073,0,-0.247,374.6,0,0,0,1.4,1.7,-5.3,-6.2,-0.012
65,73.1,-2.5,0.600,0,0.100,2.104,3.106,0,0.319,373.9,0,0,1,1.3,-1.1,1.7,-1.6,-0.006
66,73.4,-3.7,0.600,0,0.200,2.098,3.151,0,0.282,369.6,0,0,1,0.9,0.2,-5.0,-4.8,-0.016
67,73.6,-5.4,0.600,0,0.290,2.094,3.201,0,0.290,364.9,0,0,0,0.5,0.5,0.8,-7.9,-0.013
68,73.3,-7.1,0.600,0,-0.192,2.093,3.233,0,-0.192,360.7,0,0,0,4.9,-0.8,3.1,-5.6,-0.011
69,72.8,-9.6,0.600,0,0.100,2.094,3.266,0,0.259,359.0,0,0,1,3.7,-1.6,2.5,0.0,-0.005
70,72.4,-11.9,0.600,0,-0.394,2.100,3.304,0,-0.394,359.5,0,0,0,-2.5,0.6,-0.5,-1.9,-0.005
71,72.5,-13.6,0.600,0,-0.272,2.112,3.339,0,-0.272,361.1,0,0,0,-1.5,-1.2,0.1,-4.4,-0.010
72,73.2,-15.3,0.600,0,-0.218,2.129,3.338,0,-0.218,362.3,0,0,0,-0.9,-1.1,-1.0,-5.7,-0.018
73,74.3,-16.2,0.600,0,-0.091,2.152,3.346,0,-0.091,363.8,0,0,0,0.7,-0.8,-0.6,-4.8,-0.013
74,75.1,-17.4,0.600,0,0.100,2.178,3.353,0,0.195,364.5,0,0,1,-0.6,-1.0,0.4,-4.9,-0.005
75,75.1,-19.5,0.600,0,0.200,2.206,3.356,0,0.318,364.8,0,0,1,-0.2,-0.9,-1.8,-2.3,-0.004
76,74.8,-22.0,0.600,0,0.289,2.235,3.355,0,0.289,366.7,0,0,0,-2.7,-1.0,-0.9,-3.4,-0.008
77,74.3,-24.8,0.600,0,-0.162,2.266,3.347,0,-0.162,0.0,0,0,0,-4.3,-1.2,-4.3,-2.5,-0.013
78,73.6,-27.9,0.600,0,0.100,2.298,3.334,0,0.231,0.0,0,0,1,-0.9,-1.7,-1.4,-2.0,-0.013
79,72.6,-31.6,0.600,0,0.200,2.341,3.323,0,0.355,0.0,0,0,1,4.2,0.3,6.0,2.8,-0.005
80,72.1,-34.2,0.600,0,0.300,2.381,3.315,0,0.346,0.0,0,0,1,4.4,0.1,3.7,-0.3,-0.007
81,71.5,-36.7,0.600,0,0.315,2.415,3.307,0,0.315,0.0,0,0,0,2.6,0.2,5.6,-3.1,-0.007
82,70.0,-40.5,0.600,0,0.312,2.456,3.291,0,0.312,0.0,0,0,0,0.3,-0.2,6.1,0.6,-0.003
83,68.2,-45.1,0.600,0,0.312,2.506,3.272,0,0.312,0.0,0,0,0,1.2,-0.3,4.9,0.9,0.000
84,66.9,-48.5,0.600,0,0.319,2.542,3.258,0,0.319,0.0,0,0,0,2.5,0.1,4.3,0.2,-0.004
85,65.1,-52.7,0.600,0,0.419,2.587,3.241,0,0.502,0.0,0,0,1,1.0,0.3,2.4,4.1,-0.003
86,63.4,-56.8,0.600,0,0.360,2.632,3.225,0,0.360,0.0,0,0,0,1.2,0.5,4.3,0.1,-0.001
87,61.1,-62.0,0.600,1,0.408,2.684,3.205,0,0.408,0.0,0,0,0,-1.4,0.7,4.7,1.9,0.004
88,59.6,-65.6,0.600,1,0.412,2.722,3.192,0,0.412,0.0,0,0,0,0.4,0.9,2.1,0.8,-0.002
89,57.4,-70.7,0.600,1,0.281,2.774,3.176,0,0.281,0.0,0,0,0,3.2,0.1,-0.1,-1.0,-0.008
90,55.6,-74.9,0.600,1,0.315,2.820,3.165,0,0.315,0.0,0,0,0,2.0,0.3,1.6,1.2,-0.004
91,54.3,-78.6,0.600,1,0.325,2.868,3.158,0,0.325,0.0,0,0,0,0.4,-0.2,-1.6,-1.0,-0.002
92,53.2,-81.4,0.600,1,0.345,2.911,3.153,0,0.345,0.0,0,0,0,-0.4,0.5,-1.7,3.5,0.004
93,51.9,-84.7,0.600,1,0.358,2.962,3.149,0,0.358,0.0,0,0,0,1.0,0.7,-0.3,4.8,0.004
94,50.6,-87.4,0.600,1,0.369,3.013,3.120,0,0.369,0.0,0,0,0,1.4,0.7,-0.1,4.0,0.008
95,49.3,-89.8,0.600,1,0.342,3.064,3.075,0,0.342,0.0,0,0,0,0.4,0.7,1.2,4.6,0.009
96,48.0,-92.3,0.600,1,0.345,3.115,3.026,0,0.345,0.0,0,0,0,1.0,0.4,-0.2,4.9,0.011
97,46.5,-95.0,0.600,1,0.342,3.176,2.964,0,0.342,0.0,0,0,0,1.1,0.9,3.6,4.7,0.011
98,45.2,-97.4,0.600,1,0.360,3.230,2.909,0,0.360,0.0,0,0,0,0.3,0.8,-0.7,7.4,0.013
99,43.9,-99.9,0.600,1,0.460,3.283,2.852,0,0.528,0.0,0,0,1,1.4,0.0,5.2,3.8,-0.001
100,42.6,-102.6,0.600,1,0.558,3.335,2.794,0,0.558,0.0,0,0,0,0.6,-0.0,6.4,1.4,0.003
101,41.3,-105.3,0.600,1,0.658,3.375,2.746,0,0.791,0.0,0,0,1,2.9,-0.3,4.6,5.5,0.005
102,39.4,-109.2,0.600,1,0.750,3.416,2.693,0,0.802,0.0,0,0,1,5.5,-0.2,7.6,7.8,0.013
103,37.3,-113.7,0.600,1,0.735,3.449,2.647,0,0.735,0.0,0,0,0,3.4,-0.6,5.5,6.3,0.008
104,34.6,-119.5,0.600,1,0.522,3.478,2.603,0,0.522,0.0,0,0,0,2.4,-0.9,4.9,2.3,0.004
105,32.6,-124.3,0.600,1,0.622,3.501,2.573,0,0.729,0.0,0,0,1,-11.2,94.8,46.2,411.0,0.997
106,31.3,-127.7,0.600,1,0.447,3.527,2.548,0,0.447,0.0,0,0,0,-25.5,21.1,90.6,430.8,0.954
107,29.7,-131.7,0.600,1,0.490,3.560,2.518,0,0.490,0.0,0,0,0,9.8,80.5,89.9,439.8,1.003
108,28.3,-135.3,0.600,1,0.532,3.598,2.489,0,0.532,0.0,0,0,0,34.9,105.5,117.7,397.6,1.003
109,26.7,-139.4,0.600,1,0.632,3.644,2.458,0,0.898,0.0,0,0,1,55.7,140.0,149.3,346.5,1.003
110,25.0,-143.3,0.569,1,0.732,3.681,2.437,0,0.944,0.0,0,0,1,103.3,138.4,197.7,350.3,1.002
111,23.5,-146.7,0.453,1,0.832,3.708,2.426,0,0.948,0.0,0,0,1,127.8,138.1,228.8,350.4,0.998
112,21.5,-151.2,0.333,1,0.932,3.729,2.425,0,0.985,359.4,0,0,1,174.6,135.2,275.6,350.8,0.993
113,19.2,-155.8,0.282,1,0.954,3.742,2.436,0,0.954,355.5,0,0,0,184.4,135.6,285.9,351.8,0.998
114,17.0,-160.3,0.162,1,0.967,3.745,2.457,0,0.967,348.8,0,0,0,218.0,137.0,325.4,345.4,0.996
115,15.3,-164.2,0.091,1,0.967,3.745,2.484,0,0.967,343.7,0,0,0,227.5,136.4,343.2,347.5,0.996
116,14.1,-167.4,0.030,1,0.974,3.740,2.516,0,0.974,343.9,0,0,0,240.0,131.2,365.2,355.4,0.995
117,12.3,-171.2,0.057,1,0.881,3.743,2.541,0,0.881,343.4,0,0,0,228.3,124.9,353.8,357.3,0.996
118,10.8,-174.6,-0.008,1,0.902,3.739,2.578,0,0.902,346.8,0,0,0,248.7,126.8,375.7,361.7,0.995
119,10.1,-176.6,0.112,1,0.899,3.739,2.606,0,0.899,345.9,0,0,0,156.6,124.8,245.2,366.4,0.996
120,9.8,-178.0,0.232,1,0.999,3.737,2.630,0,1.024,344.4,0,0,1,180.6,135.0,268.5,353.3,0.997
121,9.5,-179.6,0.270,1,1.000,3.735,2.661,0,1.009,342.6,0,0,0,194.8,133.2,286.4,353.5,0.996
122,9.0,178.7,0.239,1,0.951,3.726,2.699,0,0.951,339.8,0,0,0,203.1,130.4,300.7,356.7,0.998
123,8.3,176.9,0.210,1,0.919,3.715,2.739,0,0.919,335.4,0,0,0,201.9,128.4,304.4,361.4,0.995
124,7.7,175.1,0.157,1,0.828,3.706,2.783,0,0.828,335.1,0,0,0,217.7,123.1,324.8,363.1,0.998
125,7.5,174.0,0.182,1,0.788,3.704,2.809,0,0.788,336.8,0,0,0,207.1,120.2,318.3,370.9,0.997
126,7.2,172.7,0.212,1,0.759,3.707,2.841,0,0.759,340.8,0,0,0,193.4,116.3,311.0,378.2,0.998
127,7.0,171.8,0.160,1,0.737,3.713,2.860,0,0.737,342.7,0,0,0,215.7,115.8,334.4,378.2,1.001
128,6.7,170.6,0.127,1,0.713,3.726,2.877,0,0.713,343.9,0,0,0,219.5,114.6,349.4,379.6,0.998
129,6.6,169.7,0.143,1,0.711,3.739,2.895,0,0.711,345.6,0,0,0,203.6,124.9,328.0,373.1,0.996
130,6.4,168.7,0.154,1,0.758,3.756,2.909,0,0.758,342.6,0,0,0,204.9,124.1,326.3,369.7,0.998
131,6.0,167.4,0.157,1,0.797,3.730,2.927,0,0.797,338.2,0,0,0,213.6,123.8,332.4,364.8,0.995
132,5.5,166.4,0.126,1,0.712,3.669,2.942,0,0.712,337.6,0,0,0,221.0,120.2,343.8,372.0,0.997
133,4.8,165.1,0.151,1,0.681,3.592,2.962,0,0.681,339.8,0,0,0,196.6,113.0,337.9,381.6,0.997
134,4.0,163.7,0.187,1,0.636,3.508,2.980,0,0.636,341.4,0,0,0,185.7,111.5,329.2,390.5,0.999
135,3.5,162.8,0.167,1,0.522,3.452,2.989,0,0.522,344.3,0,0,0,177.6,88.5,363.0,427.3,1.004
136,3.2,161.9,0.172,1,0.414,3.390,2.995,0,0.414,346.7,0,0,0,178.5,91.1,352.1,423.5,0.998
137,2.7,160.9,0.184,1,0.296,3.334,2.996,0,0.296,349.4,0,0,0,169.3,84.7,354.3,438.0,0.996
138,2.4,159.9,0.175,1,0.261,3.289,2.986,0,0.261,351.3,0,0,0,170.0,82.1,362.1,444.4,0.996
139,2.0,159.0,0.075,1,0.361,3.255,2.966,0,0.686,353.1,0,0,1,229.5,117.9,355.9,381.6,1.001
140,1.8,158.0,0.058,1,0.461,3.228,2.940,0,0.680,354.7,0,0,1,226.3,118.1,362.5,377.8,0.998
141,1.5,157.0,0.106,1,0.561,3.197,2.918,0,0.664,356.0,0,0,1,206.7,115.7,348.6,384.1,0.994
142,1.0,155.9,0.089,1,0.589,3.156,2.905,0,0.589,357.9,0,0,0,205.9,110.3,359.1,389.2,0.997
143,0.5,154.8,0.100,1,0.552,3.096,2.901,0,0.552,359.3,0,0,0,198.0,108.1,361.0,397.0,0.995
144,0.0,153.9,0.084,1,0.458,3.049,2.902,0,0.458,361.7,0,0,0,205.5,102.4,371.4,414.5,1.001
145,-0.4,153.0,0.070,1,0.405,2.986,2.901,0,0.405,364.1,0,0,0,188.8,98.2,371.0,412.2,0.997
146,-0.7,152.2,0.021,1,0.350,2.947,2.896,0,0.350,365.8,0,0,0,214.8,96.2,387.3,427.2,0.998
147,-1.0,151.3,0.040,1,0.304,2.905,2.884,0,0.304,371.0,0,0,0,201.8,92.0,381.2,435.3,0.995
148,-1.3,150.4,0.149,1,0.280,2.869,2.868,0,0.280,375.9,0,0,0,153.0,87.8,351.6,445.7,1.000
149,-1.5,149.6,0.029,1,0.380,2.838,2.848,0,0.663,379.1,0,0,1,297.5,117.7,425.0,389.0,0.997
150,-1.8,148.6,-0.091,1,0.480,2.810,2.826,0,0.500,383.9,0,0,1,295.1,106.9,436.4,406.0,1.000
151,-2.1,147.4,-0.141,1,0.466,2.771,2.805,0,0.466,389.1,0,0,0,284.7,107.4,428.4,401.2,0.998
152,-2.3,146.7,-0.097,1,0.408,2.736,2.797,0,0.408,393.9,0,0,0,266.9,101.2,421.9,407.4,0.996
153,-2.6,146.0,-0.023,1,0.335,2.692,2.789,0,0.335,398.0,0,0,0,241.1,94.9,401.6,427.4,0.999
154,-2.9,145.1,-0.006,1,0.307,2.651,2.779,0,0.307,402.1,0,0,0,234.2,94.2,402.1,429.6,0.999
155,-3.1,144.3,-0.014,1,0.269,2.616,2.764,0,0.269,409.2,0,0,0,230.0,91.8,404.4,431.2,1.001
156,-3.2,143.4,-0.036,1,0.239,2.585,2.746,0,0.239,414.3,0,0,0,233.9,89.0,412.1,439.6,0.997
157,-3.3,142.6,-0.029,1,0.202,2.557,2.726,0,0.202,419.2,0,0,0,223.6,85.4,417.4,445.5,1.000
158,-3.4,141.6,-0.005,1,0.173,2.533,2.703,0,0.173,423.0,0,0,0,216.6,81.4,411.7,449.7,0.998
159,-3.5,140.7,-0.125,1,0.273,2.513,2.679,0,0.456,425.0,0,0,1,316.0,103.3,451.0,414.8,0.995
160,-3.5,139.7,-0.199,1,0.373,2.495,2.653,0,0.382,429.4,0,0,1,306.3,100.0,446.3,423.6,0.996
161,-3.8,138.8,-0.186,1,0.344,2.471,2.631,0,0.344,432.1,0,0,0,302.8,95.7,441.0,433.2,0.996
162,-5.3,138.0,-0.197,1,0.311,2.418,2.616,0,0.311,436.3,0,0,0,310.9,93.1,450.7,439.5,0.995
163,-6.8,137.3,-0.191,1,0.243,2.360,2.603,0,0.243,443.0,0,0,0,304.4,87.8,462.2,448.2,0.997
164,-8.3,136.6,-0.282,1,0.298,2.289,2.587,0,0.298,450.5,0,0,0,357.5,50.1,542.3,478.7,1.007
165,-9.4,136.0,-0.277,1,0.194,2.237,2.575,0,0.194,459.9,0,0,0,339.0,66.9,505.1,471.3,1.004
166,-10.6,135.3,-0.309,1,0.159,2.171,2.562,0,0.159,469.5,0,0,0,344.5,63.5,511.5,470.7,1.002
167,-12.0,134.4,-0.408,1,0.000,2.097,2.544,0,0.248,476.1,1,0,0,369.4,66.3,528.7,472.5,1.005
168,-13.1,133.5,-0.434,1,0.000,2.036,2.527,0,0.257,479.9,1,0,1,386.0,60.2,556.8,475.9,1.003
169,-14.2,132.6,-0.443,1,0.000,1.997,2.510,0,0.361,480.0,1,0,1,381.9,52.6,562.5,474.4,0.995
170,-15.6,131.3,-0.455,1,0.000,1.956,2.489,0,0.282,480.0,1,0,1,377.9,56.1,558.9,474.0,0.996
171,-17.2,129.9,-0.417,1,0.000,1.920,2.470,0,0.131,480.0,1,0,1,357.6,49.4,547.7,475.8,0.998
172,-18.8,128.5,-0.429,1,0.000,1.888,2.454,0,0.207,480.0,1,0,1,362.5,50.8,545.1,477.4,0.997
173,-20.5,127.1,-0.385,1,0.000,1.859,2.440,0,0.183,480.0,1,0,1,345.8,53.9,526.1,475.5,0.998
174,-22.2,125.7,-0.369,1,0.057,1.833,2.428,0,0.057,0.0,0,0,0,345.9,42.7,526.8,478.1,1.000
175,-24.1,124.3,-0.418,1,0.069,1.810,2.413,0,0.069,0.0,0,0,0,368.6,43.2,551.1,482.5,0.996
176,-25.9,123.0,-0.463,1,0.077,1.787,2.396,0,0.077,0.0,0,0,0,384.8,44.9,567.5,484.9,1.001
177,-28.1,121.7,-0.495,1,0.166,1.763,2.378,0,0.166,0.0,0,0,0,393.9,47.0,578.8,485.2,1.000
178,-29.9,120.7,-0.502,1,0.220,1.743,2.366,0,0.220,0.0,0,0,0,392.3,47.2,580.3,486.0,0.996
179,-31.4,120.1,-0.600,1,0.301,1.726,2.360,0,0.301,0.0,0,0,0,467.0,20.6,625.8,476.7,0.994
180,-33.1,119.7,-0.600,1,0.296,1.705,2.355,0,0.296,0.0,0,0,0,475.7,10.5,635.5,474.8,1.001
181,-34.7,119.7,-0.600,1,0.299,1.683,2.355,0,0.299,0.0,0,0,0,468.5,8.8,631.4,474.0,0.997
182,-36.1,120.0,-0.600,1,0.297,1.662,2.358,0,0.297,0.0,0,0,0,486.3,5.8,626.2,470.5,0.993
183,-37.4,120.5,-0.600,1,-0.330,1.644,2.363,0,-0.330,0.0,0,0,0,505.7,-0.5,636.2,475.1,1.004
184,-38.7,121.2,-0.600,1,0.100,1.631,2.369,0,0.318,0.0,0,0,1,490.9,8.7,623.9,478.0,1.000
185,-39.9,121.5,-0.600,1,0.200,1.628,2.373,0,0.298,0.0,0,0,1,487.8,14.2,619.4,474.3,1.000
186,-41.3,121.3,-0.600,1,0.292,1.632,2.375,0,0.292,0.0,0,0,0,490.6,21.3,620.1,470.0,1.001
187,-42.7,121.3,-0.600,1,0.284,1.635,2.380,0,0.284,0.0,0,0,0,489.4,19.5,627.9,475.1,0.998
188,-43.9,121.7,-0.600,1,0.321,1.636,2.390,0,0.321,0.0,0,0,0,563.0,109.2,628.2,433.1,0.994
189,-45.1,122.6,-0.600,1,-0.391,1.638,2.406,0,-0.391,0.0,0,0,0,-0.8,-0.6,-1.0,-1.2,-0.003
190,-45.8,123.4,-0.600,1,0.100,1.640,2.419,0,0.212,0.0,0,0,1,-1.5,-1.5,5.5,1.1,0.007
191,-46.6,124.4,-0.600,1,0.200,1.647,2.436,0,0.277,0.0,0,0,1,-0.7,-0.9,1.0,-1.1,-0.003
192,-47.4,124.8,-0.600,1,-0.293,1.660,2.449,0,-0.293,0.0,0,0,0,3.7,-1.2,6.2,-1.9,-0.004
193,-48.4,125.2,-0.600,1,-0.262,1.676,2.464,0,-0.262,0.0,0,0,0,0.1,-1.1,9.5,0.3,-0.004
194,-49.4,125.1,-0.600,1,-0.376,1.697,2.476,0,-0.376,0.0,0,0,0,541.7,48.8,643.8,461.6,1.009
195,-50.6,124.1,-0.600,1,-0.376,1.727,2.481,0,-0.376,0.0,0,0,0,518.0,22.2,646.5,467.0,1.008
196,-51.8,122.6,-0.600,1,-0.364,1.764,2.482,0,-0.364,0.0,0,0,0,499.3,11.0,647.8,467.5,1.007
197,-53.1,120.9,-0.600,1,-0.357,1.800,2.485,0,-0.357,0.0,0,0,0,486.4,0.8,647.0,475.9,1.001
198,-53.3,120.2,-0.600,1,-0.337,1.835,2.490,0,-0.337,0.0,0,0,0,462.5,2.0,631.0,477.7,0.999
199,-52.4,120.7,-0.600,1,-0.417,1.869,2.497,0,-0.417,0.0,0,0,0,0.8,-1.1,0.6,-11.3,-0.006
200,-50.2,122.5,-0.600,1,-0.446,1.902,2.505,0,-0.446,0.0,0,0,0,5.2,-1.4,1.6,-10.2,-0.007
201,-47.6,124.6,-0.600,1,-0.472,1.935,2.515,0,-0.472,0.0,0,0,0,4.5,-0.5,-0.8,-7.0,-0.008
202,-44.9,126.8,-0.600,1,-0.482,1.969,2.525,0,-0.482,0.0,0,0,0,0.0,0.0,3.6,-5.5,-0.007
203,-42.1,129.1,-0.600,1,-0.553,2.003,2.535,0,-0.553,0.0,0,0,0,6.2,-0.2,1.3,-6.5,-0.006
204,-39.0,131.7,-0.600,1,-0.461,2.043,2.548,0,-0.461,0.0,0,0,0,4.8,0.0,1.0,-4.9,-0.009
205,-36.8,133.5,-0.600,1,-0.444,2.071,2.558,0,-0.444,0.0,0,0,0,4.7,-0.6,1.0,-5.5,-0.006
206,-34.3,135.6,-0.600,1,-0.457,2.104,2.572,0,-0.457,0.0,0,0,0,2.2,0.1,-0.3,-2.9,-0.005
207,-31.8,137.7,-0.600,1,-0.441,2.135,2.586,0,-0.441,0.0,0,0,0,2.1,-0.5,3.1,-6.3,-0.008
208,-29.5,139.8,-0.600,1,-0.409,2.160,2.601,0,-0.409,0.0,0,0,0,516.3,32.6,643.6,470.4,1.003
209,-26.8,142.2,-0.600,1,0.100,2.185,2.621,0,0.302,0.0,0,0,1,519.4,43.1,634.5,481.4,1.000
210,-24.9,144.0,-0.600,1,0.200,2.198,2.635,0,0.290,0.0,0,0,1,499.4,41.1,634.8,479.5,0.996
211,-23.2,145.7,-0.600,1,0.282,2.205,2.658,0,0.282,0.0,0,0,0,499.7,29.9,638.4,476.0,1.000
212,-23.0,146.2,-0.600,1,0.282,2.197,2.692,0,0.282,0.0,0,0,0,502.3,21.9,644.7,473.5,0.999
213,-24.3,145.5,-0.600,1,0.279,2.179,2.738,0,0.279,0.0,0,0,0,507.0,18.1,643.6,474.5,1.003
214,-26.3,144.4,-0.600,1,0.289,2.157,2.791,0,0.289,0.0,0,0,0,546.6,75.6,640.6,465.4,1.005
215,-28.0,143.8,-0.600,1,0.276,2.136,2.846,0,0.276,0.0,0,0,0,528.9,39.4,640.4,466.5,1.001
216,-28.7,144.1,-0.600,1,0.281,2.117,2.901,0,0.281,0.0,0,0,0,520.6,31.5,645.1,474.5,0.998
217,-28.2,145.8,-0.600,1,0.296,2.099,2.958,0,0.296,0.0,0,0,0,516.8,41.5,640.4,480.4,0.999
218,-27.2,148.0,-0.600,1,0.305,2.082,3.019,0,0.305,0.0,0,0,0,5.9,-0.7,2.5,2.8,-0.003
219,-25.6,151.1,-0.600,1,0.286,2.060,3.094,0,0.286,0.0,0,0,0,494.5,41.8,651.0,476.6,0.996
220,-24.4,153.5,-0.600,1,0.282,2.045,3.151,0,0.282,0.0,0,0,0,498.5,37.2,641.6,475.1,1.000
221,-22.9,156.4,-0.600,1,0.272,2.027,3.222,0,0.272,0.0,0,0,0,503.7,29.8,636.4,473.2,0.998
222,-21.6,159.1,-0.600,1,0.276,2.011,3.293,0,0.276,0.0,0,0,0,508.6,26.4,635.9,467.5,0.996
223,-20.6,162.1,-0.600,1,0.267,1.998,3.333,0,0.267,0.0,0,0,0,508.1,32.0,639.8,482.3,0.997
224,-19.6,165.3,-0.600,1,0.000,1.986,3.357,0,0.274,478.9,1,0,0,509.9,34.4,647.0,480.1,1.001
225,-18.7,168.8,-0.600,1,0.000,1.977,3.384,0,0.280,478.9,1,0,1,511.6,24.2,648.2,478.0,0.993
226,-18.3,170.8,-0.600,1,0.000,1.978,3.397,0,0.277,479.0,1,0,1,510.1,24.7,648.1,479.2,0.996
227,-19.0,172.1,-0.600,1,0.000,1.991,3.403,0,0.263,479.1,1,0,1,531.5,46.9,648.4,484.9,1.000
228,-20.2,172.8,-0.600,1,0.000,2.009,3.407,0,0.270,479.4,1,0,1,518.8,52.1,643.7,489.6,1.000
229,-21.2,173.5,-0.600,1,0.000,2.028,3.410,0,0.306,479.6,1,0,1,448.5,50.1,617.2,479.4,0.999
230,-22.1,174.4,-0.600,1,0.100,2.049,3.414,0,0.286,0.0,0,0,1,466.4,42.0,635.5,479.7,0.999
231,-22.9,175.3,-0.600,1,0.200,2.071,3.419,0,0.315,0.0,0,0,1,454.2,33.5,642.4,478.5,1.004
232,-23.3,176.7,-0.600,1,0.289,2.092,3.428,0,0.289,0.0,0,0,0,437.8,41.9,610.3,477.4,1.004
233,-23.1,178.6,-0.600,1,0.268,2.108,3.442,0,0.268,0.0,0,0,0,411.2,51.8,582.2,477.6,0.999
234,-22.4,-178.8,-0.580,1,0.288,2.121,3.463,0,0.288,0.0,0,0,0,400.2,62.0,575.6,472.6,0.997
235,-21.2,-176.0,-0.542,1,0.295,2.134,3.486,0,0.295,0.0,0,0,0,385.7,68.3,570.5,465.3,0.999
236,-20.0,-173.1,-0.517,1,0.000,2.145,3.511,0,0.289,479.6,1,0,0,378.1,73.0,558.1,459.5,1.002
237,-18.7,-169.9,-0.559,1,0.000,2.161,3.540,0,0.314,479.0,1,0,1,401.8,62.5,580.7,471.0,1.001
238,-18.1,-167.8,-0.548,1,0.000,2.184,3.556,0,0.310,479.2,1,0,1,397.0,64.9,572.9,470.8,1.002
239,-18.2,-166.7,-0.428,1,0.000,2.210,3.564,0,0.270,479.7,1,0,1,368.5,79.4,523.3,458.1,1.000
240,-18.7,-165.8,-0.447,1,0.000,2.247,3.569,0,0.340,479.3,1,0,1,385.9,84.1,532.8,451.7,0.998
241,-19.3,-165.2,-0.441,1,0.000,2.285,3.573,0,0.310,479.8,1,0,1,381.8,81.9,532.6,454.3,0.998
242,-20.2,-164.6,-0.490,1,0.000,2.333,3.576,0,0.284,478.6,1,0,1,390.3,85.4,541.3,450.7,0.995
243,-20.8,-164.2,-0.501,1,0.000,2.368,3.578,0,0.336,474.3,1,0,1,396.5,78.6,546.5,459.3,0.997
244,-21.5,-163.8,-0.503,1,0.100,2.411,3.581,0,0.335,469.8,0,0,1,395.0,82.9,542.3,452.2,0.995
245,-22.2,-163.1,-0.474,1,0.200,2.462,3.585,0,0.330,464.0,0,0,1,391.3,80.4,540.7,454.1,0.997
246,-22.3,-162.3,-0.447,1,0.300,2.495,3.591,0,0.309,459.9,0,0,1,378.1,79.9,536.4,459.8,0.995
247,-21.8,-160.8,-0.453,1,0.325,2.531,3.604,0,0.325,448.5,0,0,0,381.4,78.6,536.3,463.9,0.994
248,-20.8,-158.8,-0.483,1,0.401,2.561,3.624,0,0.401,438.7,0,0,0,396.3,83.4,544.3,459.2,0.999
249,-19.4,-156.4,-0.481,1,0.392,2.587,3.648,0,0.392,430.0,0,0,0,399.3,89.9,546.4,434.9,0.997
250,-17.7,-153.7,-0.468,1,0.366,2.607,3.677,0,0.366,427.1,0,0,0,392.3,89.7,545.7,435.9,0.998
251,-15.9,-151.0,-0.464,1,0.342,2.626,3.708,0,0.342,418.9,0,0,0,392.6,86.3,546.4,440.2,0.997
252,-14.3,-147.9,-0.424,1,0.333,2.645,3.767,0,0.333,411.0,0,0,0,375.6,90.1,525.7,439.5,0.998
253,-13.0,-145.0,-0.437,1,0.348,2.667,3.818,0,0.348,405.4,0,0,0,382.7,91.2,525.0,440.9,0.999
254,-11.9,-142.3,-0.455,1,0.379,2.690,3.863,0,0.379,401.6,0,0,0,388.5,94.3,529.7,434.1,0.998
255,-10.9,-139.9,-0.451,1,0.381,2.712,3.903,0,0.381,398.9,0,0,0,388.3,93.3,533.1,439.0,1.000
256,-9.5,-137.5,-0.412,1,0.374,2.696,3.937,0,0.374,397.6,0,0,0,372.9,95.6,522.2,433.8,0.999
257,-7.9,-135.2,-0.405,1,0.396,2.660,3.965,0,0.396,397.6,0,0,0,369.6,99.1,513.3,422.2,0.997
258,-6.4,-133.1,-0.368,1,0.431,2.624,3.987,0,0.431,398.6,0,0,0,359.8,103.2,498.9,413.1,1.000
259,-4.9,-131.2,-0.248,1,0.493,2.587,4.002,0,0.493,400.2,0,0,0,293.9,104.3,440.2,406.7,0.996
260,-3.6,-129.4,-0.131,1,0.475,2.548,4.012,0,0.475,402.5,0,0,0,283.6,104.8,436.1,407.1,0.998
261,-2.5,-127.9,-0.130,1,0.575,2.506,4.018,0,0.582,407.1,0,0,1,288.7,110.1,429.2,399.7,0.999
262,-1.3,-126.4,-0.119,1,0.366,2.452,4.021,0,0.366,411.4,0,0,0,276.0,97.9,426.3,414.7,0.995
263,-0.6,-125.5,-0.124,1,0.342,2.409,4.024,0,0.342,414.7,0,0,0,272.8,95.8,424.6,414.4,1.001
264,0.1,-124.5,-0.135,1,0.288,2.364,4.025,0,0.288,418.9,0,0,0,282.7,91.8,439.2,425.1,1.000
265,0.7,-123.6,-0.100,1,0.364,2.329,4.020,0,0.364,422.2,0,0,0,269.5,97.1,430.1,424.0,0.999
266,1.1,-122.6,-0.112,1,0.357,2.293,4.011,0,0.357,426.7,0,0,0,273.0,97.5,430.2,423.7,0.999
267,1.5,-121.8,-0.162,1,0.457,2.260,4.004,0,0.565,430.0,0,0,1,291.5,107.0,432.7,407.7,1.001
268,1.9,-121.1,-0.141,1,0.535,2.226,3.998,0,0.535,433.7,0,0,0,286.3,106.4,428.7,399.0,0.998
269,2.2,-120.6,-0.087,1,0.220,2.191,3.997,0,0.220,438.8,0,0,0,252.1,77.6,426.6,449.0,0.998
270,1.8,-120.1,-0.027,1,0.212,2.179,3.998,0,0.212,443.3,0,0,0,232.7,78.6,409.1,451.6,0.995
271,1.4,-119.6,-0.026,1,0.195,2.167,3.998,0,0.195,449.2,0,0,0,231.4,80.3,414.1,448.3,0.999
272,1.6,-119.0,-0.016,1,0.193,2.134,3.992,0,0.193,455.5,0,0,0,221.3,81.0,407.3,448.7,0.996
273,0.7,-118.4,-0.051,1,0.198,2.140,3.980,0,0.198,462.3,0,0,0,229.2,84.7,422.8,442.8,0.994
274,-0.5,-117.8,-0.020,1,0.178,2.152,3.967,0,0.178,463.1,0,0,0,227.0,84.3,418.4,447.8,0.996
275,-1.7,-117.1,-0.059,1,0.177,2.160,3.955,0,0.177,466.5,0,0,0,241.0,85.9,431.0,447.8,0.995
276,-3.2,-116.4,-0.077,1,0.000,2.166,3.940,0,0.206,471.0,1,0,0,247.5,88.8,431.6,443.2,0.994
277,-4.3,-115.8,-0.074,1,0.000,2.168,3.929,0,0.200,474.6,1,0,1,243.4,87.9,431.5,442.6,0.993
278,-5.7,-115.0,-0.045,1,0.000,2.175,3.913,0,0.212,477.8,1,0,1,240.1,90.5,419.9,442.3,0.989
279,-7.3,-114.0,-0.165,1,0.000,2.184,3.892,0,0.150,478.5,1,0,1,292.7,63.0,474.2,473.2,0.999
280,-8.7,-113.1,-0.197,1,0.000,2.189,3.875,0,0.132,478.3,1,0,1,289.2,63.9,473.1,474.4,0.997
281,-9.9,-112.4,-0.165,1,0.000,2.189,3.861,0,0.186,478.3,1,0,1,287.0,75.1,460.2,469.4,0.998
282,-11.2,-111.4,-0.186,1,0.000,2.186,3.845,0,0.202,476.6,1,0,1,301.7,73.5,475.6,469.3,0.999
283,-12.6,-110.5,-0.198,1,0.000,2.179,3.831,0,0.199,477.8,1,0,1,306.7,77.1,477.2,467.0,0.996
284,-14.0,-109.6,-0.282,1,0.000,2.173,3.817,0,0.241,478.1,1,0,1,340.3,76.8,514.7,468.0,0.997
285,-15.4,-108.6,-0.319,1,0.000,2.167,3.804,0,0.233,479.3,1,0,1,348.5,74.7,530.8,468.9,0.998
286,-16.7,-107.7,-0.381,1,0.000,2.163,3.792,0,0.252,479.8,1,0,1,371.7,69.1,555.9,472.1,0.999
287,-18.1,-106.7,-0.458,1,0.000,2.160,3.781,0,0.277,480.0,1,0,1,398.2,62.8,583.2,475.0,0.997
288,-19.5,-105.7,-0.494,1,0.000,2.159,3.771,0,0.277,478.9,1,0,1,406.6,55.4,602.1,476.8,1.001
289,-20.8,-104.6,-0.600,1,0.000,2.159,3.762,0,0.361,478.2,1,0,1,471.0,54.1,610.6,462.6,0.996
290,-22.1,-103.6,-0.600,1,0.100,2.160,3.754,0,0.336,0.0,0,0,1,460.8,53.0,618.4,466.2,0.996
291,-23.3,-102.5,-0.600,1,0.200,2.161,3.747,0,0.316,0.0,0,0,1,457.1,52.2,626.4,470.3,0.993
292,-24.7,-101.1,-0.600,1,0.300,2.158,3.742,0,0.304,0.0,0,0,1,452.6,60.1,620.7,472.2,0.994
293,-25.6,-99.8,-0.600,1,0.300,2.148,3.739,0,0.300,0.0,0,0,0,443.3,66.8,617.3,471.9,0.999
294,-26.4,-98.6,-0.600,1,0.322,2.136,3.739,0,0.322,0.0,0,0,0,451.6,64.9,621.1,473.0,0.997
295,-27.3,-97.2,-0.600,1,0.332,2.120,3.738,0,0.332,0.0,0,0,0,453.9,56.7,623.2,471.4,0.999
296,-28.1,-95.7,-0.600,1,0.314,2.104,3.738,0,0.314,0.0,0,0,0,445.8,69.5,607.4,468.2,1.004
297,-28.8,-94.1,-0.600,1,0.298,2.088,3.737,0,0.298,0.0,0,0,0,451.0,69.6,619.0,468.9,1.000
298,-29.4,-92.4,-0.600,1,0.303,2.075,3.736,0,0.303,0.0,0,0,0,444.8,71.9,618.9,470.6,1.003
299,-30.0,-90.7,-0.600,1,0.294,2.065,3.735,0,0.294,0.0,0,0,0,515.6,43.0,643.1,479.1,0.989
300,-30.6,-88.9,-0.600,1,0.304,2.057,3.733,0,0.304,0.0,0,0,0,492.9,19.8,625.6,475.3,0.999
301,-31.1,-87.1,-0.600,1,0.313,2.051,3.731,0,0.313,0.0,0,0,0,477.5,15.8,610.3,475.5,0.996
302,-31.6,-85.3,-0.600,1,0.293,2.046,3.728,0,0.293,0.0,0,0,0,462.1,17.7,608.7,474.4,0.989
303,-32.1,-83.4,-0.600,1,0.282,2.043,3.725,0,0.282,0.0,0,0,0,487.1,44.9,612.4,470.0,1.001
304,-32.4,-81.5,-0.600,1,0.287,2.042,3.722,0,0.287,0.0,0,0,0,464.3,29.4,602.3,473.5,0.992
305,-32.7,-79.5,-0.600,1,0.287,2.044,3.718,0,0.287,0.0,0,0,0,469.8,26.4,604.2,472.5,0.997
306,-33.0,-77.5,-0.600,1,0.285,2.047,3.714,0,0.285,0.0,0,0,0,470.1,39.9,606.8,476.5,0.996
307,-33.2,-75.4,-0.600,1,0.290,2.052,3.710,0,0.290,0.0,0,0,0,464.6,32.4,606.5,475.0,0.993
308,-33.4,-73.5,-0.600,1,0.292,2.061,3.708,0,0.292,0.0,0,0,0,455.4,53.3,594.8,478.1,0.997
309,-33.4,-71.4,-0.600,1,0.273,2.074,3.710,0,0.273,0.0,0,0,0,536.8,45.6,637.4,464.3,0.998
310,-33.3,-69.4,-0.600,1,0.295,2.091,3.716,0,0.295,0.0,0,0,0,537.7,70.0,631.2,438.3,1.000
311,-33.0,-67.3,-0.600,1,0.285,2.110,3.726,0,0.285,0.0,0,0,0,512.8,46.3,623.6,468.8,0.998
312,-32.6,-65.2,-0.600,1,0.292,2.132,3.738,0,0.292,0.0,0,0,0,489.4,45.6,612.2,466.1,0.997
313,-32.1,-63.1,-0.600,1,0.293,2.156,3.752,0,0.293,0.0,0,0,0,487.7,48.8,612.8,469.2,0.993
314,-31.3,-60.7,-0.600,1,0.296,2.186,3.771,0,0.296,0.0,0,0,0,458.8,52.2,580.7,467.8,0.999
315,-30.7,-58.9,-0.600,1,0.299,2.207,3.785,0,0.299,0.0,0,0,0,457.1,43.7,590.1,473.4,0.998
316,-29.8,-56.9,-0.600,1,0.291,2.234,3.804,0,0.291,0.0,0,0,0,449.0,27.4,605.1,476.9,1.002
317,-28.9,-54.8,-0.600,1,0.292,2.261,3.823,0,0.292,0.0,0,0,0,430.1,24.0,593.9,477.2,0.995
318,-27.8,-52.6,-0.600,1,0.288,2.289,3.843,0,0.288,0.0,0,0,0,445.6,23.7,607.6,477.5,0.997
319,-26.6,-50.5,-0.600,1,0.324,2.317,3.863,0,0.324,0.0,0,0,0,477.9,76.4,614.2,453.9,1.002
320,-25.4,-48.3,-0.600,1,0.316,2.345,3.884,0,0.316,0.0,0,0,0,454.0,76.7,593.9,449.3,1.000
321,-24.1,-46.1,-0.600,1,0.313,2.371,3.904,0,0.313,0.0,0,0,0,450.8,78.2,595.7,456.7,1.000
322,-22.6,-44.0,-0.600,1,0.360,2.370,3.923,0,0.360,0.0,0,0,0,449.4,78.7,591.5,454.4,1.000
323,-21.0,-41.7,-0.581,1,0.351,2.342,3.940,0,0.351,442.2,0,0,0,428.9,81.9,572.6,456.9,1.001
324,-19.1,-39.0,-0.513,1,0.360,2.305,3.955,0,0.360,444.0,0,0,0,407.7,83.1,548.3,454.7,0.998
325,-17.8,-37.1,-0.457,1,0.392,2.286,3.964,0,0.392,448.6,0,0,0,389.9,90.0,521.9,445.8,0.998
326,-17.0,-35.0,-0.432,1,0.404,2.299,3.973,0,0.404,448.9,0,0,0,383.3,91.4,514.9,441.1,1.002
327,-16.2,-32.5,-0.391,1,0.459,2.309,3.982,0,0.459,449.3,0,0,0,368.9,95.4,503.3,431.5,1.000
328,-15.8,-30.8,-0.349,1,0.490,2.311,3.987,0,0.490,451.9,0,0,0,353.2,98.4,489.1,425.2,1.000
329,-15.5,-28.9,-0.343,1,0.590,2.308,3.990,0,0.687,454.8,0,0,1,369.0,116.0,486.5,389.2,0.997
330,-15.2,-27.0,-0.414,1,0.644,2.299,3.990,0,0.644,458.8,0,0,0,389.2,114.5,510.4,395.3,0.998
331,-15.1,-24.8,-0.442,1,0.744,2.276,3.983,0,0.795,461.5,0,0,1,405.0,122.2,514.5,385.4,1.001
332,-15.1,-23.2,-0.511,1,0.783,2.250,3.967,0,0.783,464.1,0,0,0,426.3,121.6,540.3,381.3,1.000
333,-15.2,-21.2,-0.471,1,0.793,2.208,3.935,0,0.793,465.7,0,0,0,407.7,123.1,523.6,373.6,0.998
334,-15.5,-19.2,-0.351,1,0.831,2.156,3.891,0,0.831,469.0,0,0,0,367.4,127.6,476.1,362.3,0.996
335,-15.9,-17.2,-0.417,1,0.000,2.097,3.838,0,0.849,476.1,1,0,0,397.1,128.9,499.5,364.3,0.994
336,-16.6,-15.2,-0.434,0,0.000,2.033,3.777,0,0.838,478.6,1,0,1,397.2,128.8,505.0,365.2,1.000
337,-17.3,-12.7,-0.463,0,0.000,1.968,3.710,0,0.859,479.5,1,0,1,402.4,124.6,512.6,371.0,0.999
338,-17.6,-10.7,-0.418,0,0.000,1.940,3.673,0,0.784,479.9,1,0,1,386.7,122.5,497.3,377.6,1.002
339,-18.2,-8.6,-0.538,0,0.000,1.923,3.637,0,0.282,479.9,1,0,1,421.1,68.0,589.6,466.0,1.002
340,-19.0,-6.8,-0.600,0,0.000,1.925,3.614,0,0.357,479.5,1,0,1,469.7,74.7,616.1,459.8,0.998
341,-20.0,-5.3,-0.600,0,0.000,1.942,3.600,0,0.373,479.8,1,0,1,473.5,49.8,626.0,470.0,0.996
342,-21.2,-3.7,-0.600,0,0.000,1.968,3.588,0,0.383,479.3,1,0,1,445.2,61.5,589.9,462.0,0.998
343,-22.0,-2.6,-0.600,0,0.100,1.989,3.581,0,0.331,352.5,0,0,1,454.2,54.5,615.3,477.7,1.001
344,-23.1,-1.0,-0.600,0,0.200,2.022,3.571,0,0.285,355.2,0,0,1,458.1,60.3,618.9,481.5,1.001
345,-23.8,0.2,-0.600,0,0.300,2.045,3.562,0,0.304,356.5,0,0,1,441.7,71.6,588.6,465.1,1.005
346,-24.0,2.2,-0.600,0,0.286,2.070,3.546,0,0.286,355.3,0,0,0,458.4,70.6,603.0,469.7,1.002
347,-23.7,4.8,-0.600,0,0.301,2.092,3.525,0,0.301,355.4,0,0,0,447.2,75.1,589.8,469.3,1.001
348,-23.2,7.5,-0.600,0,0.296,2.112,3.499,0,0.296,352.8,0,0,0,461.7,72.8,601.1,478.8,1.000
349,-22.1,11.2,-0.574,0,0.352,2.134,3.467,0,0.352,357.7,0,0,0,441.7,44.6,604.2,471.9,1.002
350,-21.3,13.8,-0.600,0,0.379,2.151,3.444,0,0.379,363.7,0,0,0,467.2,68.5,600.7,457.1,1.001
351,-21.4,15.6,-0.600,0,0.361,2.180,3.426,0,0.361,369.1,0,0,0,468.4,71.5,589.3,467.1,1.003
352,-21.4,17.2,-0.600,0,0.368,2.217,3.415,0,0.368,371.7,0,0,0,476.3,76.9,599.2,469.0,1.003
353,-20.7,19.7,-0.600,0,0.339,2.250,3.399,0,0.339,462.1,0,0,0,470.1,79.1,602.8,476.7,1.001
354,-19.5,22.5,-0.600,1,0.346,2.275,3.376,0,0.346,448.5,0,0,0,453.5,78.9,585.9,468.7,1.003
355,-17.9,25.6,-0.600,1,0.364,2.299,3.354,0,0.364,436.0,0,0,0,452.2,78.6,588.6,470.5,1.002
356,-15.7,29.4,-0.600,1,0.329,2.324,3.329,0,0.329,427.3,0,0,0,470.3,67.1,610.0,482.6,1.005
357,-14.0,32.3,-0.600,1,0.333,2.341,3.312,0,0.333,427.1,0,0,0,458.5,75.8,597.6,481.6,1.005
358,-11.5,36.4,-0.600,1,0.375,2.366,3.293,0,0.375,430.8,0,0,0,445.2,83.6,582.6,461.9,1.006
359,-10.2,38.7,-0.480,1,0.475,2.388,3.286,0,0.582,432.7,0,0,1,349.2,104.0,486.0,413.0,0.995
360,-8.4,41.7,-0.360,1,0.494,2.417,3.283,0,0.494,430.7,0,0,0,352.5,100.5,492.2,415.1,1.001
361,-7.2,43.2,-0.369,1,0.413,2.445,3.265,0,0.413,427.8,0,0,0,352.8,94.6,505.4,423.6,0.999
362,-5.1,45.6,-0.313,1,0.375,2.466,3.235,0,0.375,422.3,0,0,0,342.0,95.1,497.6,422.9,0.993
363,-3.5,47.5,-0.271,1,0.387,2.478,3.213,0,0.387,416.8,0,0,0,327.2,96.2,476.5,423.3,0.993
364,-1.7,49.7,-0.230,1,0.393,2.495,3.189,0,0.393,412.6,0,0,0,314.5,97.5,463.9,418.3,0.994
365,0.4,52.1,-0.195,1,0.411,2.515,3.167,0,0.411,405.0,0,0,0,305.7,97.0,446.8,416.6,0.992
366,1.7,53.8,-0.098,1,0.362,2.538,3.143,0,0.362,400.1,0,0,0,276.4,96.8,423.3,415.1,0.992
367,2.9,56.0,-0.061,1,0.368,2.553,3.135,0,0.368,395.0,0,0,0,260.5,94.4,406.7,422.0,0.990
368,3.8,58.4,-0.065,1,0.278,2.576,3.134,0,0.278,390.6,0,0,0,267.8,86.7,429.6,434.8,0.996
369,4.5,60.7,0.055,1,0.378,2.601,3.129,0,0.586,390.9,0,0,1,163.0,106.1,321.2,407.8,0.993
370,5.2,62.9,0.175,1,0.478,2.632,3.123,0,0.605,390.7,0,0,1,170.2,104.2,329.5,406.0,0.996
371,5.9,65.2,0.120,1,0.443,2.658,3.111,0,0.443,392.2,0,0,0,194.7,97.9,360.8,420.5,0.996
372,6.6,67.9,0.128,1,0.431,2.675,3.094,0,0.431,395.4,0,0,0,188.9,97.4,352.6,429.5,0.997
373,7.1,70.0,0.085,1,0.371,2.686,3.085,0,0.371,396.8,0,0,0,200.7,95.4,368.4,435.5,0.996
374,7.6,72.4,0.063,1,0.348,2.699,3.078,0,0.348,397.9,0,0,0,206.3,95.5,372.6,431.9,0.996
375,8.1,74.6,0.138,1,0.304,2.716,3.077,0,0.304,399.5,0,0,0,179.4,92.2,347.8,440.2,0.996
376,8.5,76.7,0.205,1,0.322,2.737,3.080,0,0.322,402.3,0,0,0,160.2,90.7,322.5,437.8,0.995
377,8.8,78.6,0.203,1,0.297,2.760,3.087,0,0.297,402.4,0,0,0,159.2,87.4,328.8,445.4,0.994
378,9.1,80.6,0.259,1,0.308,2.784,3.098,0,0.308,400.1,0,0,0,144.1,87.7,305.7,445.2,0.995
379,9.3,82.5,0.320,1,0.408,2.808,3.112,0,0.608,394.2,0,0,1,139.3,112.5,288.1,391.3,0.996
380,9.5,84.3,0.288,1,0.508,2.833,3.129,0,0.621,388.7,0,0,1,151.7,114.3,294.4,386.1,0.995
381,9.5,86.2,0.234,1,0.599,2.856,3.152,0,0.599,383.3,0,0,0,172.7,118.4,310.0,381.5,0.996
382,9.5,88.0,0.208,1,0.612,2.864,3.175,0,0.612,380.0,0,0,0,179.4,114.9,323.5,384.3,0.997
383,9.3,89.5,0.233,1,0.608,2.864,3.197,0,0.608,379.7,0,0,0,165.0,114.6,318.7,386.2,0.995
384,9.1,91.2,0.207,1,0.575,2.860,3.227,0,0.575,384.0,0,0,0,171.9,111.6,332.6,394.1,0.995
385,8.7,92.8,0.183,1,0.569,2.856,3.261,0,0.569,388.0,0,0,0,186.1,111.5,338.2,398.7,0.996
386,8.3,94.3,0.218,1,0.554,2.853,3.299,0,0.554,391.6,0,0,0,174.2,110.0,325.6,396.6,0.995
387,7.8,95.9,0.203,1,0.509,2.852,3.348,0,0.509,394.0,0,0,0,175.7,107.1,337.1,402.7,0.993
388,7.6,97.1,0.191,1,0.498,2.853,3.386,0,0.498,391.7,0,0,0,177.8,108.3,337.9,404.6,0.996
389,7.0,98.4,0.194,1,0.531,2.839,3.442,0,0.531,389.7,0,0,0,186.5,112.7,318.5,392.2,0.997
390,6.5,99.3,0.211,1,0.519,2.798,3.484,0,0.519,390.9,0,0,0,179.3,108.3,306.0,405.5,0.996
391,6.0,100.4,0.234,1,0.496,2.748,3.537,0,0.496,393.7,0,0,0,178.1,105.2,303.4,416.9,0.994
392,5.4,101.4,0.200,1,0.525,2.698,3.593,0,0.525,397.4,0,0,0,196.8,103.2,312.9,413.8,0.994
393,4.7,102.2,0.188,1,0.458,2.648,3.651,0,0.458,401.0,0,0,0,193.7,99.2,319.3,421.9,0.995
394,4.0,103.0,0.139,1,0.420,2.598,3.711,0,0.420,405.2,0,0,0,211.3,96.8,334.5,427.8,0.999
395,3.4,103.8,0.100,1,0.362,2.551,3.772,0,0.362,409.8,0,0,0,224.2,95.2,351.8,430.2,0.994
396,2.8,104.5,0.062,1,0.402,2.509,3.834,0,0.402,413.2,0,0,0,225.5,97.4,359.9,426.9,0.995
397,2.4,105.3,0.050,1,0.339,2.471,3.897,0,0.339,416.0,0,0,0,224.3,93.4,367.2,434.4,0.992
398,1.9,106.0,0.061,1,0.329,2.433,3.961,0,0.329,423.0,0,0,0,219.5,90.6,362.8,438.4,0.991
399,1.6,106.8,0.023,1,0.409,2.398,4.026,0,0.409,429.5,0,0,0,242.2,96.8,365.9,421.3,0.992
400,1.2,107.7,0.011,1,0.389,2.360,4.102,0,0.389,433.4,0,0,0,242.2,97.0,368.9,420.0,0.994
401,0.9,108.2,-0.013,1,0.449,2.331,4.158,0,0.449,439.0,0,0,0,258.0,100.9,386.4,416.8,0.994
402,0.4,108.8,-0.003,1,0.411,2.293,4.228,0,0.411,444.6,0,0,0,260.3,98.7,385.8,422.8,0.997
403,0.0,109.5,-0.003,1,0.367,2.251,4.300,0,0.367,451.3,0,0,0,260.5,98.9,390.3,422.0,0.998
404,-0.3,110.2,0.021,1,0.367,2.210,4.372,0,0.367,459.5,0,0,0,250.7,96.6,389.3,417.5,0.991
405,-0.7,110.8,0.046,1,0.356,2.173,4.445,0,0.356,466.2,0,0,0,239.0,94.5,385.3,418.7,0.996
406,-1.0,111.5,0.039,1,0.000,2.137,4.518,0,0.326,472.3,1,0,0,234.9,93.8,382.7,423.2,0.996
407,-1.3,112.0,0.066,1,0.000,2.102,4.582,0,0.252,476.6,1,0,1,220.8,88.2,368.6,436.3,0.996
408,-1.5,112.1,0.066,1,0.000,2.075,4.592,0,0.281,478.9,1,0,1,232.4,88.1,372.5,439.6,0.993
409,-2.2,112.1,0.012,1,0.000,2.072,4.595,0,0.171,480.0,1,0,1,246.7,72.6,377.2,470.2,0.999
410,-3.6,112.1,-0.027,1,0.000,2.076,4.595,0,0.143,480.0,1,0,1,258.9,70.0,406.9,469.1,1.003
411,-5.4,112.1,-0.033,1,0.000,2.079,4.596,0,0.111,480.0,1,0,1,254.6,67.1,403.7,472.7,1.001
412,-7.4,112.1,-0.058,1,0.000,2.076,4.596,0,0.143,480.0,1,0,1,266.9,64.5,417.2,472.6,1.002
413,-8.9,112.1,-0.040,1,0.000,2.071,4.596,0,0.119,480.0,1,0,1,258.9,63.0,420.2,471.9,1.000
414,-10.6,112.1,-0.122,1,0.000,2.060,4.596,0,0.249,479.7,1,0,1,283.7,59.8,451.0,475.8,1.004
415,-12.6,112.1,-0.194,1,0.000,2.042,4.596,0,0.250,479.6,1,0,1,294.4,56.4,476.8,480.3,1.001
416,-14.0,112.1,-0.309,1,0.000,2.025,4.596,0,0.204,480.0,1,0,1,353.1,49.8,537.0,481.2,1.003
417,-15.9,112.2,-0.364,1,0.000,1.996,4.596,0,0.247,480.0,1,0,1,360.6,41.4,559.5,487.9,1.002
418,-17.4,112.2,-0.436,1,0.000,1.966,4.596,0,0.309,479.4,1,0,1,383.4,38.7,573.1,486.4,1.003
419,-18.7,112.3,-0.556,1,0.000,1.939,4.596,0,0.303,480.0,1,0,1,450.2,44.2,609.0,475.2,0.998
420,-20.3,112.4,-0.600,1,0.100,1.907,4.596,0,0.308,0.0,0,0,1,449.1,32.2,620.1,474.4,1.000
421,-22.1,112.5,-0.600,1,0.200,1.873,4.597,0,0.309,0.0,0,0,1,444.5,29.2,622.3,474.0,0.997
422,-23.8,112.9,-0.600,1,0.300,1.840,4.600,0,0.309,0.0,0,0,1,446.5,26.1,625.4,477.8,1.000
423,-25.3,113.3,-0.600,1,0.294,1.809,4.606,0,0.294,0.0,0,0,0,449.5,23.6,624.5,477.1,0.997
424,-27.2,113.9,-0.574,1,0.286,1.768,4.616,0,0.286,0.0,0,0,0,438.8,23.0,621.2,482.0,0.998
425,-29.4,115.0,-0.600,1,0.289,1.724,4.630,0,0.289,0.0,0,0,0,446.6,25.2,626.8,481.2,0.994
426,-30.9,115.9,-0.572,1,0.243,1.696,4.640,0,0.243,0.0,0,0,0,5.9,-1.2,8.7,-2.0,-0.006
427,-32.7,117.0,-0.600,1,0.294,1.668,4.652,0,0.294,0.0,0,0,0,452.7,20.3,622.7,480.8,0.998
428,-34.6,118.1,-0.600,1,0.297,1.645,4.664,0,0.297,0.0,0,0,0,457.6,15.6,629.4,483.1,1.000
429,-36.4,119.4,-0.600,1,0.265,1.624,4.677,0,0.265,0.0,0,0,0,485.0,22.7,611.5,482.8,1.004
430,-38.3,121.2,-0.600,1,0.270,1.604,4.695,0,0.270,0.0,0,0,0,477.3,28.2,594.2,480.7,1.002
431,-39.9,122.7,-0.600,1,-0.337,1.592,4.710,0,-0.337,0.0,0,0,0,494.1,15.9,634.8,483.6,1.008
432,-41.4,124.3,-0.600,1,0.100,1.584,4.724,0,0.276,0.0,0,0,1,490.1,21.3,617.7,485.9,1.001
433,-42.7,125.5,-0.600,1,0.200,1.585,4.733,0,0.275,0.0,0,0,1,493.5,41.0,615.4,483.2,1.004
434,-44.6,126.8,-0.600,1,0.263,1.591,4.732,0,0.263,0.0,0,0,0,504.2,34.2,628.8,473.5,0.999
435,-46.1,128.7,-0.600,1,-0.318,1.595,4.678,0,-0.318,0.0,0,0,0,508.3,33.3,639.9,474.1,0.996
436,-47.2,130.6,-0.600,1,0.100,1.598,4.632,0,0.299,0.0,0,0,1,491.2,22.9,624.1,478.2,1.002
437,-48.3,132.7,-0.600,1,-0.314,1.607,4.570,0,-0.314,0.0,0,0,0,498.0,9.0,648.2,479.7,0.999
438,-49.5,134.4,-0.600,1,-0.239,1.620,4.503,0,-0.239,0.0,0,0,0,464.8,4.4,623.5,479.9,1.003
439,-50.8,135.6,-0.600,1,-0.498,1.640,4.426,0,-0.498,0.0,0,0,0,3.2,-0.5,-9.3,-6.3,-0.015
440,-52.1,136.2,-0.600,1,-0.477,1.668,4.338,0,-0.477,0.0,0,0,0,-0.6,-0.9,-10.4,-3.3,-0.008
441,-53.7,136.2,-0.600,1,-0.450,1.697,4.245,0,-0.450,0.0,0,0,0,4.2,-1.2,-8.7,-5.9,-0.006
442,-55.0,136.2,-0.600,1,-0.493,1.726,4.151,0,-0.493,0.0,0,0,0,0.2,-1.0,-3.5,-8.0,-0.005
443,-55.0,137.7,-0.600,1,-0.421,1.759,4.042,0,-0.421,0.0,0,0,0,1.5,-0.5,-3.7,-3.6,-0.003
444,-54.1,139.4,-0.600,1,-0.401,1.782,3.965,0,-0.401,0.0,0,0,0,4.9,0.5,-2.0,-0.0,-0.003
445,-52.1,142.3,-0.600,1,-0.453,1.809,3.875,0,-0.453,0.0,0,0,0,439.3,2.6,631.5,475.8,1.006
446,-49.4,145.8,-0.600,1,-0.419,1.837,3.784,0,-0.419,0.0,0,0,0,2.3,0.7,-2.6,-2.9,-0.002
447,-46.7,149.2,-0.600,1,-0.398,1.865,3.691,0,-0.398,0.0,0,0,0,434.6,1.9,605.1,477.5,1.007
448,-44.0,152.5,-0.485,1,0.100,1.894,3.597,0,0.188,0.0,0,0,1,390.1,8.4,565.9,482.0,1.016
449,-41.4,155.7,-0.600,1,-0.431,1.922,3.504,0,-0.431,0.0,0,0,0,1.6,0.3,-10.9,-1.8,-0.003
450,-40.0,158.0,-0.600,1,-0.400,1.944,3.417,0,-0.400,0.0,0,0,0,521.2,87.2,639.1,425.0,0.996
451,-39.7,159.3,-0.600,1,-0.412,1.962,3.336,0,-0.412,0.0,0,0,0,5.2,2.5,1.4,0.9,0.006
452,-38.3,161.3,-0.600,1,-0.406,1.985,3.248,0,-0.406,0.0,0,0,0,0.9,1.6,2.9,-0.3,0.006
453,-36.1,164.1,-0.600,1,-0.408,2.012,3.155,0,-0.408,0.0,0,0,0,-0.5,1.2,7.2,3.5,0.003
454,-33.4,167.4,-0.600,1,-0.406,2.044,3.045,0,-0.406,0.0,0,0,0,0.3,1.1,8.1,2.0,0.003
455,-31.4,169.7,-0.600,1,-0.399,2.067,2.966,0,-0.399,0.0,0,0,0,447.9,7.5,614.0,477.6,1.009
456,-29.2,172.5,-0.600,1,-0.389,2.094,2.871,0,-0.389,0.0,0,0,0,444.7,3.5,613.2,477.6,1.007
457,-26.9,175.1,-0.600,1,-0.393,2.122,2.777,0,-0.393,0.0,0,0,0,444.8,1.6,617.4,479.2,1.008
458,-24.7,177.7,-0.600,1,-0.401,2.148,2.683,0,-0.401,0.0,0,0,0,434.3,-2.6,622.6,482.7,1.010
459,-22.5,-179.8,-0.600,1,0.100,2.175,2.590,0,0.314,0.0,0,0,1,482.2,70.0,606.5,459.8,0.993
460,-20.4,-177.4,-0.600,1,0.200,2.201,2.500,0,0.295,0.0,0,0,1,486.5,63.9,611.4,461.1,0.997
461,-18.6,-175.5,-0.600,1,0.000,2.223,2.421,0,0.298,478.9,1,0,0,490.3,60.9,617.8,469.4,0.995
462,-18.0,-174.9,-0.600,1,0.000,2.234,2.359,0,0.301,478.9,1,0,1,475.9,31.8,626.2,472.3,1.001
463,-18.3,-175.3,-0.600,1,0.000,2.240,2.307,0,0.299,477.9,1,0,1,454.1,24.1,600.1,474.3,1.002
464,-18.9,-176.1,-0.589,1,0.000,2.245,2.262,0,0.290,477.6,1,0,1,432.6,32.5,592.9,477.9,0.999
465,-19.6,-177.1,-0.600,1,0.000,2.246,2.221,0,0.290,475.6,1,0,1,438.0,33.6,598.1,476.7,0.998
466,-20.3,-178.2,-0.551,1,0.000,2.241,2.180,0,0.290,474.2,1,0,1,420.3,39.7,577.1,477.4,1.000
467,-20.8,-179.1,-0.578,1,0.000,2.233,2.153,0,0.294,471.9,1,0,1,429.9,41.4,594.0,479.0,0.996
468,-21.4,179.7,-0.514,1,0.100,2.220,2.125,0,0.267,0.0,0,0,1,405.7,48.6,564.8,478.1,0.997
469,-22.1,178.4,-0.600,1,0.200,2.208,2.101,0,0.321,0.0,0,0,1,467.0,68.6,602.3,478.9,0.998
470,-23.3,176.5,-0.600,1,0.300,2.191,2.081,0,0.316,0.0,0,0,1,454.3,61.5,593.2,476.7,1.001
471,-24.8,174.6,-0.600,1,0.306,2.175,2.072,0,0.306,0.0,0,0,0,458.6,58.2,599.8,478.2,1.000
472,-26.0,173.0,-0.600,1,0.312,2.157,2.070,0,0.312,0.0,0,0,0,452.1,53.3,594.7,475.7,0.999
473,-26.9,171.7,-0.600,1,0.298,2.134,2.069,0,0.298,0.0,0,0,0,455.9,45.8,608.6,479.4,1.000
474,-26.7,171.7,-0.600,1,0.287,2.114,2.072,0,0.287,0.0,0,0,0,453.7,34.0,615.1,478.5,1.002
475,-25.8,172.4,-0.578,1,0.283,2.098,2.076,0,0.283,0.0,0,0,0,427.0,43.9,585.2,480.2,1.007
476,-24.5,173.5,-0.584,1,0.281,2.078,2.083,0,0.281,0.0,0,0,0,431.1,51.1,588.7,483.1,1.002
477,-23.2,174.6,-0.600,1,0.281,2.058,2.090,0,0.281,0.0,0,0,0,431.6,31.2,617.7,479.2,1.002
478,-22.0,175.7,-0.594,1,0.282,2.040,2.098,0,0.282,0.0,0,0,0,408.4,17.4,603.8,478.4,1.006
479,-20.9,176.6,-0.598,1,0.287,2.022,2.106,0,0.287,0.0,0,0,0,441.8,45.3,605.4,475.5,0.992
480,-20.0,177.5,-0.600,1,0.000,2.006,2.113,0,0.289,478.5,1,0,0,452.7,46.2,625.2,477.9,0.999
481,-19.2,178.1,-0.600,1,0.000,1.992,2.119,0,0.293,478.3,1,0,1,460.7,47.9,629.5,480.3,0.994
482,-18.6,178.4,-0.600,1,0.000,1.988,2.115,0,0.294,479.1,1,0,1,460.5,44.7,631.8,479.4,0.995
483,-18.9,177.9,-0.600,1,0.000,1.994,2.103,0,0.302,479.5,1,0,1,465.7,44.6,635.7,478.8,0.995
484,-19.7,176.7,-0.600,1,0.000,2.005,2.086,0,0.310,479.0,1,0,1,449.1,51.3,615.6,476.6,0.996
485,-20.6,175.4,-0.600,1,0.000,2.019,2.066,0,0.309,478.3,1,0,1,442.0,43.6,616.4,482.3,0.995
486,-21.7,173.8,-0.600,1,0.100,2.038,2.040,0,0.306,0.0,0,0,1,436.0,38.2,609.2,481.0,0.994
487,-22.4,172.8,-0.600,1,0.200,2.053,2.019,0,0.296,0.0,0,0,1,454.9,31.3,628.1,481.7,0.994
488,-22.9,171.9,-0.600,1,0.293,2.069,1.993,0,0.293,0.0,0,0,0,458.0,20.3,634.6,482.6,0.997
489,-23.0,171.8,-0.571,1,0.276,2.083,1.972,0,0.276,0.0,0,0,0,403.4,47.4,597.6,485.9,0.999
490,-22.8,173.9,-0.600,1,0.299,2.095,1.989,0,0.299,0.0,0,0,0,412.8,55.2,599.4,482.5,0.996
491,-22.1,176.3,-0.600,1,0.303,2.104,2.010,0,0.303,0.0,0,0,0,416.7,53.5,608.0,480.6,0.993
492,-21.2,179.1,-0.600,1,0.000,2.111,2.035,0,0.313,479.5,1,0,0,419.1,52.5,602.0,479.9,0.997
493,-20.0,-177.7,-0.600,1,0.000,2.120,2.066,0,0.316,479.5,1,0,1,420.6,36.8,599.0,480.0,1.000
494,-19.2,-175.7,-0.592,1,0.000,2.133,2.081,0,0.307,478.9,1,0,1,419.8,29.9,603.6,480.1,0.995
495,-19.2,-174.2,-0.600,1,0.000,2.160,2.091,0,0.308,479.5,1,0,1,426.3,24.0,611.1,480.7,0.999
496,-18.2,-173.2,-0.600,1,0.000,2.154,2.096,0,0.307,479.5,1,0,1,432.5,26.3,611.5,479.5,0.993
497,-17.5,-172.5,-0.600,1,0.000,2.150,2.101,0,0.321,479.6,1,0,1,422.9,33.2,603.6,479.9,0.991
498,-16.7,-171.7,-0.596,1,0.000,2.146,2.105,0,0.321,479.9,1,0,1,414.3,28.6,602.2,480.4,0.992
499,-16.1,-171.0,-0.476,1,0.000,2.143,2.108,0,0.216,479.9,1,0,1,350.4,74.5,514.6,462.1,0.994
500,-15.3,-170.2,-0.356,1,0.000,2.138,2.112,0,0.142,480.0,1,0,1,346.6,69.6,525.1,464.8,1.000
501,-14.6,-169.5,-0.356,1,0.000,2.135,2.116,0,0.195,479.7,1,0,1,343.1,72.5,521.1,460.6,0.997
502,-14.2,-169.1,-0.361,1,0.000,2.133,2.118,0,0.243,479.7,1,0,1,341.5,78.0,515.0,457.5,0.999
503,-13.8,-168.7,-0.332,1,0.000,2.131,2.120,0,0.250,479.0,1,0,1,333.2,80.6,505.9,454.0,1.000
504,-14.8,-168.3,-0.229,1,0.000,2.134,2.122,0,0.284,479.0,1,0,1,309.5,80.2,479.7,452.6,0.997
505,-15.9,-168.0,-0.261,1,0.000,2.134,2.124,0,0.277,479.2,1,0,1,317.2,74.2,487.6,461.8,0.998
506,-17.1,-167.8,-0.255,1,0.000,2.130,2.125,0,0.275,479.3,1,0,1,315.0,74.2,484.5,462.8,1.000
507,-18.2,-167.5,-0.253,1,0.000,2.122,2.126,0,0.333,478.9,1,0,1,315.7,76.5,478.1,459.6,0.998
508,-19.4,-167.3,-0.284,1,0.000,2.109,2.127,0,0.247,478.4,1,0,1,324.8,77.7,481.1,459.5,1.002
509,-20.6,-167.2,-0.404,1,0.000,2.090,2.059,0,0.288,478.9,1,0,1,409.2,51.2,563.1,475.3,0.996
510,-21.5,-166.9,-0.524,1,0.100,2.072,1.990,0,0.299,0.0,0,0,1,413.0,50.0,579.7,478.3,0.997
511,-22.4,-166.2,-0.566,1,0.200,2.047,1.910,0,0.303,0.0,0,0,1,421.8,38.0,587.0,478.8,1.000
512,-22.7,-164.6,-0.600,1,0.300,2.014,1.835,0,0.313,0.0,0,0,1,431.3,38.3,603.1,476.8,0.996
513,-22.2,-162.0,-0.600,1,0.312,1.972,1.768,0,0.312,0.0,0,0,0,438.9,28.5,617.6,477.6,0.996
514,-21.1,-158.3,-0.600,1,0.320,1.925,1.713,0,0.320,0.0,0,0,0,450.4,22.5,634.7,479.1,0.996
515,-19.7,-154.1,-0.600,1,0.319,1.876,1.666,0,0.319,0.0,0,0,0,456.7,15.5,645.1,479.1,0.996
516,-18.2,-149.4,-0.600,1,0.315,1.827,1.627,0,0.315,0.0,0,0,0,461.9,11.5,644.5,478.7,0.993
517,-16.9,-144.6,-0.600,1,0.000,1.781,1.596,0,0.312,478.4,1,0,0,431.6,12.8,638.6,480.0,0.995
518,-15.7,-139.7,-0.600,1,-0.263,1.737,1.573,0,-0.263,478.5,0,0,0,462.9,2.2,663.3,481.6,1.004
519,-15.0,-134.9,-0.480,1,0.000,1.704,1.552,0,0.280,478.5,1,0,1,385.5,30.5,573.7,478.9,0.989
520,-15.2,-130.5,-0.473,1,0.000,1.687,1.533,0,0.261,479.1,1,0,1,392.3,33.2,582.6,482.2,0.994
521,-16.4,-126.8,-0.485,1,0.000,1.678,1.521,0,0.186,479.1,1,0,1,389.4,38.6,586.7,483.0,0.996
522,-17.7,-123.3,-0.485,1,0.000,1.669,1.524,0,0.265,479.0,1,0,1,390.5,36.4,576.4,479.9,0.998
523,-19.0,-119.8,-0.477,1,0.100,1.661,1.540,0,0.262,0.0,0,0,1,384.4,33.9,571.4,478.6,0.993
524,-20.2,-116.3,-0.454,1,0.200,1.652,1.568,0,0.238,0.0,0,0,1,370.4,29.5,561.3,479.7,0.996
525,-21.0,-112.7,-0.468,1,0.240,1.642,1.598,0,0.240,0.0,0,0,0,382.8,30.0,568.8,478.4,0.998
526,-21.3,-108.6,-0.489,1,0.286,1.628,1.631,0,0.286,0.0,0,0,0,389.6,24.4,577.1,480.8,1.002
527,-21.2,-104.3,-0.523,1,0.295,1.612,1.663,0,0.295,0.0,0,0,0,400.5,19.1,591.6,479.7,0.996
528,-20.9,-99.9,-0.464,1,0.295,1.593,1.694,0,0.295,0.0,0,0,0,376.6,20.3,561.7,477.2,0.996
529,-20.4,-94.6,-0.442,1,-0.419,1.571,1.727,0,-0.419,0.0,0,0,0,-1.0,-0.1,-8.0,-1.8,-0.012
530,-20.1,-91.0,-0.469,1,-0.366,1.556,1.749,0,-0.366,0.0,0,0,0,399.1,6.5,582.8,485.7,1.001
531,-19.9,-86.7,-0.365,1,-0.396,1.543,1.773,0,-0.396,478.7,0,0,0,334.4,1.5,521.6,482.9,1.011
532,-20.3,-82.9,-0.417,1,-0.372,1.543,1.797,0,-0.372,478.7,0,0,0,357.8,3.9,556.2,479.5,1.004
533,-21.7,-79.9,-0.537,1,0.000,1.558,1.830,0,0.298,478.0,1,0,1,431.8,5.9,619.0,476.6,0.999
534,-23.6,-77.4,-0.598,1,0.100,1.581,1.875,0,0.273,0.0,0,0,1,431.8,12.6,622.9,475.1,0.998
535,-24.0,-75.0,-0.573,1,-0.290,1.589,1.933,0,-0.290,0.0,0,0,0,417.4,7.2,627.5,479.1,0.999
536,-23.3,-72.4,-0.600,1,0.100,1.587,1.985,0,0.313,0.0,0,0,1,435.7,8.4,625.2,475.2,0.998
537,-22.3,-69.9,-0.538,1,0.200,1.586,2.030,0,0.307,0.0,0,0,1,405.4,19.3,591.0,477.3,1.000
538,-21.1,-67.0,-0.571,1,0.300,1.582,2.084,0,0.315,0.0,0,0,1,416.6,18.1,610.7,477.0,0.995
539,-19.1,-63.5,-0.451,1,-0.362,1.573,2.138,0,-0.362,0.0,0,0,0,3.4,-0.1,-2.2,-4.0,-0.006
540,-16.4,-59.4,-0.571,1,0.000,1.558,2.189,0,0.291,478.7,1,0,1,422.6,6.0,612.4,475.8,0.999
541,-13.3,-55.0,-0.600,1,-0.303,1.541,2.238,0,-0.303,477.9,0,0,0,441.6,3.2,637.9,483.5,1.001
542,-10.4,-50.5,-0.569,1,-0.355,1.530,2.301,0,-0.355,478.5,0,0,0,418.2,1.3,629.1,480.0,1.004
543,-9.0,-47.9,-0.542,1,-0.329,1.532,2.351,0,-0.329,477.9,0,0,0,406.5,2.6,624.5,481.3,1.004
544,-7.6,-44.9,-0.591,1,0.000,1.544,2.419,0,0.303,477.1,1,0,1,421.5,2.8,616.5,476.4,1.004
545,-5.9,-41.6,-0.510,1,0.000,1.558,2.490,0,0.313,477.5,1,0,1,400.2,8.1,590.1,478.6,1.005
546,-3.6,-37.9,-0.541,1,0.000,1.566,2.555,0,0.300,477.6,1,0,1,414.2,11.6,593.1,478.8,1.004
547,-2.7,-34.8,-0.539,1,0.000,1.543,2.616,0,0.313,478.1,1,0,1,409.7,11.5,598.0,481.8,1.002
548,-2.6,-31.9,-0.546,1,0.000,1.512,2.678,0,0.323,478.2,1,0,1,409.6,12.4,602.7,479.5,0.999
549,-2.5,-28.9,-0.581,1,0.000,1.487,2.740,0,0.311,477.0,1,0,1,437.5,55.2,598.2,478.6,0.992
550,-2.4,-25.8,-0.575,1,0.000,1.468,2.801,0,0.307,478.1,1,0,1,439.4,45.6,603.7,484.3,1.000
551,-2.4,-22.6,-0.455,1,-0.341,1.455,2.862,0,-0.341,478.8,0,0,0,308.4,13.6,513.3,483.4,1.004
552,-2.3,-19.3,-0.335,1,-0.374,1.450,2.923,0,-0.374,478.7,0,0,0,265.6,7.9,491.2,486.4,0.999
553,-2.1,-15.9,-0.350,1,-0.110,1.457,2.989,0,-0.110,478.8,0,0,0,359.5,12.8,570.0,484.2,1.009
554,-1.6,-12.1,-0.470,1,0.000,1.478,3.060,0,0.274,478.7,1,0,1,435.7,22.1,616.4,483.7,1.005
555,-1.0,-8.5,-0.582,1,0.000,1.502,3.126,0,0.250,479.1,1,0,1,426.6,24.3,622.9,487.2,1.011
556,-1.0,-5.1,-0.600,1,0.000,1.531,3.195,0,0.282,478.9,1,0,1,456.3,25.5,639.2,485.8,1.001
557,-1.0,-2.1,-0.600,1,0.000,1.555,3.250,0,0.290,478.8,1,0,1,451.1,67.9,601.3,466.3,1.002
558,-0.9,0.5,-0.600,0,0.000,1.575,3.291,0,0.347,478.4,1,0,1,12.8,-0.1,22.4,4.7,0.025
559,-0.7,3.7,-0.480,1,-0.415,1.598,3.334,0,-0.415,478.4,0,0,0,1.6,-0.7,-0.4,0.2,-0.006
560,-0.5,7.0,-0.360,1,-0.395,1.620,3.371,0,-0.395,478.7,0,0,0,245.3,16.4,424.4,485.2,0.999
561,0.1,11.0,-0.240,1,-0.368,1.650,3.410,0,-0.368,478.9,0,0,0,215.0,22.6,405.4,490.8,1.006
562,0.9,14.4,-0.120,1,0.000,1.676,3.439,0,0.056,478.7,1,0,0,178.6,25.7,400.9,481.4,1.002
563,2.0,18.5,0.000,1,0.000,1.709,3.469,0,0.162,478.5,1,0,1,231.3,36.3,443.9,477.8,1.003
564,2.3,21.7,-0.008,1,0.000,1.733,3.486,0,0.033,477.9,1,0,0,241.2,24.6,464.5,480.1,0.999
565,1.3,23.7,-0.071,1,0.000,1.750,3.488,0,0.005,478.6,1,0,0,264.6,25.8,486.5,479.3,1.001
566,-0.2,25.2,-0.105,1,-0.190,1.764,3.482,0,-0.190,478.8,0,0,0,284.5,25.0,500.8,480.5,1.006
567,-1.9,27.0,-0.135,1,-0.287,1.781,3.473,0,-0.287,478.7,0,0,0,290.9,16.1,520.1,479.8,1.000
568,-2.3,29.5,-0.159,1,-0.282,1.803,3.474,0,-0.282,479.0,0,0,0,293.5,15.9,517.0,482.2,1.001
569,-1.8,32.4,-0.211,1,0.000,1.827,3.482,0,0.088,478.8,1,0,0,287.4,34.8,514.0,481.0,1.002
570,-1.0,35.9,-0.157,1,0.000,1.856,3.493,0,0.052,478.7,1,0,0,259.5,38.0,468.6,478.0,1.001
571,-0.2,39.5,-0.183,1,-0.371,1.881,3.504,0,-0.371,477.7,0,0,0,289.4,9.3,504.6,481.2,1.006
572,-0.6,41.9,-0.101,1,-0.378,1.896,3.508,0,-0.378,478.9,0,0,0,235.9,2.7,441.0,477.7,1.000
573,-0.9,44.4,-0.114,1,0.000,1.914,3.517,0,0.314,479.1,1,0,1,0.5,1.9,2.1,3.0,0.010
574,-0.3,47.7,-0.234,1,0.000,1.940,3.533,0,0.317,479.2,1,0,1,-1.6,1.6,0.8,3.5,0.014
575,-0.1,50.6,-0.114,1,0.000,1.959,3.546,0,0.351,478.0,1,0,1,186.6,32.3,411.6,469.4,1.002
576,-1.0,52.5,0.006,1,0.000,1.968,3.556,0,0.339,478.4,1,0,1,161.5,30.0,392.9,472.5,1.001
577,-2.5,54.3,0.126,1,0.000,1.976,3.567,0,0.337,478.7,1,0,1,141.5,47.8,347.3,469.7,0.996
578,-3.8,55.4,0.246,1,0.000,1.980,3.576,0,0.307,478.2,1,0,1,41.4,42.8,254.2,471.5,0.994
579,-5.7,56.8,0.126,1,0.000,1.985,3.590,0,0.091,478.4,1,0,0,274.7,60.8,439.0,470.2,0.998
580,-7.1,57.7,0.006,1,0.000,1.988,3.601,0,0.063,478.9,1,0,0,268.7,61.9,433.8,468.2,0.997
581,-8.7,58.9,-0.114,1,0.000,1.992,3.617,0,0.068,479.1,1,0,0,281.1,58.8,443.5,473.0,0.997
582,-10.2,60.2,-0.126,1,0.000,1.997,3.635,0,0.068,479.2,1,0,0,276.9,56.9,438.4,475.8,0.999
583,-11.5,61.6,-0.188,1,0.000,2.002,3.656,0,0.056,479.0,1,0,0,296.0,55.0,470.4,477.2,0.999
584,-12.8,63.0,-0.209,1,0.000,2.008,3.678,0,0.107,478.7,1,0,1,296.3,56.6,484.3,478.3,0.994
585,-14.1,64.4,-0.185,1,0.000,2.013,3.702,0,0.097,478.3,1,0,0,292.0,54.5,476.2,479.3,0.998
586,-15.3,65.9,-0.233,1,0.000,2.018,3.728,0,0.097,479.2,1,0,0,304.5,49.0,494.3,481.5,0.999
587,-16.6,67.3,-0.284,1,0.000,2.023,3.755,0,0.059,479.2,1,0,0,318.9,50.9,500.8,479.5,1.001
588,-17.7,68.7,-0.272,1,0.000,2.027,3.785,0,0.056,479.1,1,0,0,315.1,52.6,495.4,477.4,1.000
589,-19.0,70.5,-0.392,1,0.000,2.032,3.821,0,0.329,479.5,1,0,1,453.4,44.0,607.7,480.7,0.999
590,-20.1,72.0,-0.512,1,0.000,2.036,3.853,0,0.314,478.8,1,0,1,434.6,38.8,602.5,480.0,0.998
591,-20.9,73.3,-0.576,1,0.100,2.039,3.881,0,0.300,0.0,0,0,1,428.6,39.3,597.0,479.3,1.002
592,-21.6,75.1,-0.563,1,0.200,2.042,3.917,0,0.284,0.0,0,0,1,422.5,41.4,593.6,478.7,1.002
593,-22.8,76.5,-0.546,1,0.273,2.041,3.953,0,0.273,0.0,0,0,0,413.7,46.2,588.7,480.0,1.000
594,-24.6,78.0,-0.512,1,0.265,2.031,3.995,0,0.265,0.0,0,0,0,402.7,52.9,578.7,478.1,1.001
595,-25.9,79.0,-0.516,1,0.259,2.022,4.025,0,0.259,0.0,0,0,0,403.6,55.4,577.3,478.5,0.999
596,-27.0,80.7,-0.511,1,0.253,2.012,4.064,0,0.253,0.0,0,0,0,400.8,52.6,584.7,478.6,1.000
597,-27.3,83.2,-0.477,1,0.257,2.001,4.105,0,0.257,0.0,0,0,0,389.2,56.8,569.5,479.4,0.998
598,-26.7,86.7,-0.464,1,0.189,1.988,4.147,0,0.189,0.0,0,0,0,385.0,60.7,561.6,483.1,1.001
599,-25.6,90.7,-0.584,1,0.289,1.973,4.192,0,0.301,0.0,0,0,1,446.8,27.4,624.6,479.6,1.000
600,-24.4,94.7,-0.600,1,0.308,1.958,4.240,0,0.308,0.0,0,0,0,447.6,26.0,625.8,479.1,1.000
601,-23.3,98.7,-0.600,1,0.315,1.939,4.290,0,0.315,0.0,0,0,0,445.9,25.7,623.1,478.6,0.995
602,-21.9,103.1,-0.600,1,0.318,1.915,4.344,0,0.318,0.0,0,0,0,443.2,26.1,617.0,478.6,0.992
603,-20.2,107.8,-0.600,1,0.307,1.886,4.402,0,0.307,0.0,0,0,0,440.8,27.1,611.5,480.6,0.993
604,-18.5,112.6,-0.559,1,0.000,1.854,4.464,0,0.291,479.2,1,0,0,409.8,26.0,591.1,482.3,0.999
605,-17.0,117.0,-0.516,1,0.000,1.821,4.529,0,0.276,478.6,1,0,1,398.2,25.5,572.8,481.6,0.996
606,-15.9,121.4,-0.458,1,0.000,1.788,4.604,0,0.279,479.2,1,0,1,375.0,24.3,546.8,482.3,0.997
607,-16.0,123.4,-0.506,1,0.000,1.769,4.655,0,0.279,478.5,1,0,1,392.6,23.1,564.2,480.5,0.997
608,-15.8,125.3,-0.447,1,0.000,1.756,4.715,0,0.200,478.2,1,0,1,364.3,33.1,525.3,481.0,1.000
609,-14.8,127.2,-0.409,1,0.000,1.751,4.786,0,0.245,478.0,1,0,1,364.0,30.5,570.7,476.1,0.995
610,-14.2,128.4,-0.369,1,-0.268,1.748,4.836,0,-0.268,477.9,0,0,0,360.9,18.7,571.3,477.8,0.996
611,-13.6,129.8,-0.362,1,-0.257,1.745,4.897,0,-0.257,478.9,0,0,0,358.0,17.7,572.0,479.1,1.001
612,-13.4,130.6,-0.373,1,-0.202,1.749,4.944,0,-0.202,478.3,0,0,0,355.9,19.3,567.1,475.6,0.997
613,-13.5,130.3,-0.389,1,-0.176,1.760,4.937,0,-0.176,478.1,0,0,0,352.0,17.2,563.0,477.3,1.000
614,-13.5,130.0,-0.387,1,0.000,1.769,4.931,0,0.289,478.1,1,0,1,350.3,19.9,561.7,476.9,1.001
615,-13.2,130.3,-0.491,1,-0.284,1.775,4.927,0,-0.284,478.1,0,0,0,385.9,8.8,602.8,478.4,1.005
616,-12.5,131.0,-0.534,1,-0.240,1.776,4.927,0,-0.240,478.0,0,0,0,395.2,8.3,603.7,478.5,0.999
617,-11.1,132.3,-0.587,1,-0.323,1.781,4.923,0,-0.323,478.0,0,0,0,411.9,4.9,615.5,478.1,0.997
618,-8.9,134.4,-0.577,1,-0.272,1.792,4.916,0,-0.272,478.5,0,0,0,402.1,4.8,616.8,480.1,1.001
619,-5.7,137.4,-0.457,1,-0.036,1.807,4.904,0,-0.036,479.3,0,0,0,266.4,38.2,464.5,477.0,0.996
620,-2.0,140.9,-0.337,1,-0.073,1.825,4.891,0,-0.073,479.8,0,0,0,286.7,35.2,498.0,480.3,1.001
621,2.0,144.8,-0.217,1,-0.130,1.842,4.878,0,-0.130,478.9,0,0,0,281.4,32.7,489.0,482.0,0.997
622,4.1,146.9,-0.238,1,-0.121,1.850,4.870,0,-0.121,479.7,0,0,0,308.1,27.5,515.3,481.7,0.997
623,5.6,148.3,-0.317,1,-0.095,1.857,4.864,0,-0.095,479.7,0,0,0,331.8,27.9,537.2,484.0,0.997
624,7.4,150.1,-0.264,1,-0.062,1.866,4.857,0,-0.062,479.4,0,0,0,310.2,28.4,519.2,481.4,0.999
625,8.7,151.4,-0.178,1,-0.133,1.872,4.851,0,-0.133,479.4,0,0,0,-0.5,0.3,2.6,-3.7,-0.010
626,9.7,152.4,-0.166,1,-0.309,1.877,4.847,0,-0.309,479.5,0,0,0,261.6,13.1,488.7,481.2,0.998
627,11.0,153.7,-0.101,1,-0.339,1.885,4.840,0,-0.339,479.1,0,0,0,-3.1,0.4,0.0,0.6,0.000
628,13.3,156.0,-0.135,1,-0.344,1.903,4.823,0,-0.344,478.9,0,0,0,244.6,13.6,495.8,480.5,1.003
629,15.4,158.1,-0.015,1,0.000,1.919,4.808,0,0.243,478.9,1,0,1,62.8,47.6,297.1,464.1,0.992
630,17.9,160.8,0.105,1,0.000,1.940,4.787,0,0.172,479.1,1,0,1,82.7,48.5,311.9,472.4,0.991
631,20.0,163.0,0.225,1,0.000,1.958,4.769,0,0.134,479.4,1,0,1,97.9,50.9,322.4,471.3,0.992
632,20.8,163.9,0.196,1,0.000,1.964,4.762,0,0.054,479.2,1,0,0,126.0,56.5,341.0,472.7,0.994
633,20.7,164.9,0.221,1,0.000,1.964,4.755,0,0.055,479.6,1,0,0,125.7,53.1,336.0,473.9,0.992
634,20.5,165.8,0.230,1,0.019,1.963,4.738,0,0.019,0.0,0,0,0,137.7,49.2,352.4,476.2,0.995
635,20.4,166.4,0.187,1,-0.030,1.962,4.721,0,-0.030,0.0,0,0,0,139.4,44.8,370.8,477.2,0.998
636,20.1,167.1,0.151,1,-0.097,1.960,4.694,0,-0.097,0.0,0,0,0,163.1,44.5,386.8,477.2,0.994
637,20.2,168.3,0.140,1,-0.084,1.961,4.650,0,-0.084,0.0,0,0,0,166.1,38.5,398.8,475.6,0.995
638,20.7,169.3,0.155,1,-0.108,1.989,4.612,0,-0.108,0.0,0,0,0,170.1,38.1,389.5,473.4,0.994
639,22.0,170.8,0.275,1,0.100,2.051,4.549,0,0.358,0.0,0,0,1,25.5,47.9,209.4,466.4,1.000
640,23.0,172.0,0.395,1,0.200,2.094,4.499,0,0.326,0.0,0,0,1,23.0,53.4,213.8,464.0,0.991
641,23.9,172.9,0.454,1,0.263,2.140,4.438,0,0.263,0.0,0,0,0,45.8,61.8,256.2,461.7,0.997
642,23.7,172.4,0.436,1,0.204,2.171,4.384,0,0.204,0.0,0,0,0,53.7,62.4,262.4,466.5,0.998
643,22.7,170.8,0.544,1,0.304,2.192,4.334,0,0.312,0.0,0,0,1,3.9,45.2,233.1,472.5,1.006
644,21.6,169.2,0.467,1,0.272,2.210,4.284,0,0.272,0.0,0,0,0,52.2,57.1,252.1,467.6,0.996
645,20.3,167.3,0.443,1,0.265,2.220,4.238,0,0.265,0.0,0,0,0,63.0,60.5,265.0,462.2,0.996
646,19.0,165.2,0.391,1,0.230,2.230,4.184,0,0.230,0.0,0,0,0,90.1,65.2,283.2,462.6,0.999
647,18.4,164.1,0.365,1,0.188,2.238,4.133,0,0.188,0.0,0,0,0,99.4,63.8,298.6,460.8,0.998
648,18.5,163.6,0.326,1,0.171,2.247,4.086,0,0.171,0.0,0,0,0,119.1,65.0,309.5,461.6,0.996
649,18.8,163.3,0.446,1,0.000,2.258,4.018,0,0.355,478.5,1,0,1,51.8,70.6,221.6,470.0,0.997
650,19.0,162.8,0.552,1,0.000,2.264,3.959,0,0.330,479.0,1,0,1,45.5,61.6,217.4,477.3,0.997
651,19.2,162.6,0.571,1,0.000,2.269,3.907,0,0.340,479.0,1,0,1,36.7,63.1,207.3,474.5,0.996
652,19.6,162.4,0.543,1,0.000,2.271,3.835,0,0.331,479.3,1,0,1,53.3,63.3,217.1,475.1,1.000
653,19.9,162.2,0.507,1,0.000,2.269,3.784,0,0.316,478.9,1,0,1,59.4,70.0,230.5,466.9,1.002
654,20.3,162.1,0.489,1,0.000,2.263,3.724,0,0.301,478.6,1,0,1,66.3,68.2,231.6,460.6,0.998
655,20.8,162.0,0.418,1,0.000,2.252,3.665,0,0.192,476.8,1,0,1,93.6,71.5,262.6,466.8,1.001
656,21.4,162.2,0.401,1,0.100,2.241,3.606,0,0.174,0.0,0,0,1,90.0,71.6,263.0,471.2,0.999
657,22.2,162.5,0.401,1,0.200,2.228,3.540,0,0.247,0.0,0,0,1,93.3,78.7,266.7,457.6,0.998
658,22.3,162.3,0.378,1,0.243,2.217,3.497,0,0.243,0.0,0,0,0,100.5,77.3,273.7,468.6,1.000
659,21.8,161.4,0.498,1,0.343,2.201,3.450,0,0.343,0.0,0,0,0,27.8,65.0,191.8,466.4,1.001
660,20.8,159.9,0.600,1,0.303,2.182,3.409,0,0.303,0.0,0,0,0,27.4,57.4,193.1,468.6,1.006
661,19.3,158.0,0.600,1,0.348,2.160,3.372,0,0.348,0.0,0,0,0,32.4,62.3,196.7,468.6,0.996
662,17.5,155.8,0.590,1,0.000,2.136,3.340,0,0.308,478.5,1,0,0,26.2,50.2,209.2,475.2,0.996
663,15.8,153.7,0.600,1,0.000,2.111,3.310,0,0.316,478.5,1,0,1,19.6,38.2,210.3,476.5,0.999
664,14.6,152.2,0.600,1,0.000,2.096,3.275,0,0.315,478.0,1,0,1,10.4,24.4,203.6,478.5,1.004
665,14.4,151.8,0.600,1,0.000,2.091,3.232,0,0.310,477.9,1,0,1,10.5,23.0,205.2,475.2,0.997
666,14.7,151.8,0.593,1,0.000,2.091,3.188,0,0.298,477.9,1,0,1,13.0,26.4,222.5,473.3,0.993
667,15.1,152.1,0.600,1,0.000,2.093,3.144,0,0.298,478.3,1,0,1,7.1,19.9,192.6,477.0,1.002
668,15.6,152.3,0.600,1,0.000,2.096,3.103,0,0.293,478.6,1,0,1,11.5,24.6,195.9,481.1,0.999
669,16.0,152.6,0.488,1,0.000,2.100,3.063,0,0.302,478.6,1,0,1,54.0,59.7,240.9,474.7,0.999
670,16.5,153.1,0.394,1,0.000,2.106,3.019,0,0.194,478.0,1,0,1,83.0,59.1,270.6,477.2,1.004
671,17.2,153.7,0.378,1,0.000,2.113,2.982,0,0.221,476.4,1,0,1,82.8,63.0,269.0,478.7,1.002
672,17.9,154.4,0.351,1,0.000,2.120,2.953,0,0.244,478.3,1,0,1,102.7,64.8,273.2,473.7,1.005
673,19.0,155.6,0.363,1,0.000,2.133,2.913,0,0.237,479.4,1,0,1,93.3,63.6,272.5,468.1,1.006
674,19.8,156.5,0.365,1,0.000,2.144,2.886,0,0.220,479.4,1,0,1,84.7,60.8,271.6,479.1,1.010
675,20.9,157.8,0.384,1,0.100,2.160,2.850,0,0.181,0.0,0,0,1,79.8,53.3,263.9,476.3,1.007
676,21.5,158.6,0.358,1,0.034,2.171,2.827,0,0.034,0.0,0,0,0,90.6,56.8,270.0,489.3,1.013
677,21.8,159.2,0.337,1,-0.025,2.183,2.805,0,-0.025,0.0,0,0,0,106.7,57.7,276.6,491.2,1.011
678,22.4,160.0,0.315,1,0.082,2.198,2.783,0,0.082,0.0,0,0,0,107.6,50.7,284.8,489.4,1.009
679,23.3,161.3,0.435,1,0.182,2.216,2.760,0,0.364,0.0,0,0,1,10.2,71.6,177.2,467.5,1.004
680,23.9,162.2,0.555,1,0.282,2.233,2.744,0,0.364,0.0,0,0,1,15.3,70.7,174.5,461.3,1.004
681,23.6,162.4,0.600,1,0.347,2.245,2.735,0,0.347,0.0,0,0,0,14.4,69.2,172.8,456.9,1.009
682,22.6,161.8,0.505,1,0.365,2.249,2.738,0,0.365,0.0,0,0,0,1.2,0.3,0.7,2.5,0.004
683,20.5,160.2,0.600,1,0.314,2.246,2.754,0,0.314,0.0,0,0,0,1.8,-0.0,2.8,-2.1,-0.010
684,19.0,159.1,0.600,1,0.310,2.244,2.768,0,0.310,0.0,0,0,0,0.4,0.2,4.6,-2.7,-0.007
685,17.2,157.8,0.600,1,0.306,2.242,2.787,0,0.306,461.8,0,0,0,-0.9,0.4,3.3,-0.6,-0.008
686,15.6,156.8,0.600,1,0.302,2.242,2.808,0,0.302,464.1,0,0,0,-1.7,1.2,4.2,0.8,-0.002
687,13.9,155.8,0.600,1,0.300,2.244,2.835,0,0.300,467.5,0,0,0,-1.1,0.1,3.0,-1.6,-0.007
688,12.8,155.2,0.600,1,0.000,2.246,2.856,0,0.297,472.5,1,0,0,-1.6,0.2,4.7,-0.7,-0.005
689,11.5,154.6,0.480,1,0.000,2.249,2.883,0,0.345,475.3,1,0,1,69.0,83.8,241.5,454.4,1.000
690,10.8,154.5,0.469,1,0.000,2.263,2.904,0,0.337,474.9,1,0,1,70.3,75.7,236.8,461.2,0.998
691,11.1,155.3,0.445,1,0.000,2.290,2.917,0,0.326,473.0,1,0,1,77.2,74.2,248.8,459.9,0.999
692,11.7,156.6,0.430,1,0.100,2.321,2.929,0,0.339,469.5,0,0,1,73.7,72.5,249.0,461.9,0.996
693,12.4,157.9,0.414,1,0.200,2.353,2.943,0,0.259,463.8,0,0,1,87.0,73.7,258.0,460.6,1.002
694,12.7,158.8,0.390,1,0.300,2.380,2.964,0,0.317,460.0,0,0,1,88.8,72.8,269.0,456.0,0.999
695,12.5,159.3,0.366,1,0.248,2.401,2.994,0,0.248,455.3,0,0,0,105.0,75.6,278.2,458.9,0.999
696,12.1,159.5,0.348,1,0.303,2.416,3.034,0,0.303,452.3,0,0,0,114.4,75.5,288.3,462.0,0.997
697,11.6,159.7,0.344,1,0.318,2.431,3.075,0,0.318,446.2,0,0,0,122.2,78.7,288.2,456.4,1.002
698,11.0,159.7,0.350,1,0.367,2.445,3.121,0,0.367,437.0,0,0,0,116.1,78.1,280.3,457.8,1.000
699,9.8,159.2,0.402,1,0.467,2.460,3.179,0,0.470,427.1,0,0,1,131.3,100.5,250.9,415.8,0.996
700,8.3,157.9,0.361,1,0.429,2.469,3.225,0,0.429,421.3,0,0,0,136.1,96.9,260.3,410.0,0.994
