step,bear_target,bear_other,w_cmd,on_target,v_cmd,dist_target,dist_other,estop,v_policy,cam_y2,cam_stop,gt_close,accel_clip
1,-15.4,14.1,-0.120,0,0.100,4.651,4.540,0,0.577,324.9,0,0,1
2,-15.4,13.3,-0.240,0,0.200,4.650,4.494,0,0.648,325.7,0,0,1
3,-14.8,12.8,-0.360,0,0.300,4.605,4.437,0,0.685,325.6,0,0,1
4,-14.0,12.5,-0.260,0,0.400,4.540,4.366,0,0.730,325.0,0,0,1
5,-13.0,12.5,-0.243,0,0.500,4.462,4.282,0,0.740,324.5,0,0,1
6,-12.1,12.8,-0.300,1,0.600,4.372,4.184,0,0.639,325.2,0,0,1
7,-11.1,13.2,-0.361,1,0.486,4.270,4.073,0,0.486,328.2,0,0,0
8,-10.1,13.8,-0.272,1,0.500,4.156,3.950,0,0.500,331.1,0,0,0
9,-9.2,14.6,-0.165,1,0.600,4.044,3.828,0,0.946,333.3,0,0,1
10,-7.4,16.4,-0.142,1,0.700,3.937,3.710,0,0.954,337.7,0,0,1
11,-4.5,19.5,-0.053,1,0.800,3.824,3.577,0,0.974,345.8,0,0,1
12,-3.2,21.5,-0.071,1,0.900,3.710,3.455,0,0.965,356.1,0,0,1
13,-2.6,22.8,-0.042,1,0.926,3.602,3.339,0,0.926,367.5,0,0,0
14,-2.2,24.5,-0.029,1,0.888,3.458,3.191,0,0.888,343.5,0,0,0
15,-2.0,26.3,0.009,1,0.856,3.307,3.041,0,0.856,354.6,0,0,0
16,-1.9,28.3,-0.032,1,0.786,3.157,2.897,0,0.786,364.3,0,0,0
17,-1.9,30.5,-0.045,1,0.717,3.010,2.764,0,0.717,374.2,0,0,0
18,-1.8,33.0,-0.055,1,0.718,2.869,2.640,0,0.718,382.6,0,0,0
19,-1.7,35.5,-0.175,1,0.408,2.734,2.524,0,0.408,390.7,0,0,0
20,-1.7,38.1,-0.096,1,0.414,2.601,2.410,0,0.414,399.2,0,0,0
21,-1.8,40.8,-0.043,1,0.440,2.474,2.302,0,0.440,410.4,0,0,0
22,-2.1,43.5,-0.163,1,0.316,2.363,2.206,0,0.316,424.1,0,0,0
23,-2.7,45.9,-0.283,1,0.329,2.265,2.118,0,0.329,437.1,0,0,0
24,-3.3,48.7,-0.403,1,0.334,2.179,2.036,0,0.334,454.1,0,0,0
25,-4.1,51.3,-0.523,1,0.000,2.102,1.957,0,0.328,471.9,1,0,0
26,-5.0,53.7,-0.600,1,0.000,2.031,1.898,0,0.320,479.3,1,0,1
27,-5.8,55.0,-0.600,1,0.000,1.975,1.885,0,0.316,480.0,1,0,1
28,-6.8,55.9,-0.600,1,0.000,1.937,1.880,0,0.338,480.0,1,0,1
29,-8.1,56.5,-0.480,1,0.000,1.907,1.878,0,0.145,480.0,1,0,1
30,-9.6,56.9,-0.360,1,0.000,1.881,1.877,0,0.162,480.0,1,0,1
31,-11.2,57.7,-0.240,1,0.000,1.859,1.802,0,0.116,480.0,1,0,1
32,-13.0,58.2,-0.229,1,0.000,1.840,1.725,0,0.185,480.0,1,0,1
33,-14.8,58.8,-0.349,1,0.000,1.824,1.650,0,0.209,480.0,1,0,1
34,-16.7,59.8,-0.401,1,0.000,1.811,1.578,0,0.305,480.0,1,0,1
35,-18.6,61.2,-0.374,1,0.000,1.799,1.509,0,0.276,480.0,1,0,1
36,-20.5,63.0,-0.472,1,0.100,1.790,1.444,0,0.233,0.0,0,0,1
37,-22.4,65.3,-0.520,1,0.200,1.782,1.386,0,0.206,0.0,0,0,1
38,-24.1,68.5,-0.548,1,0.154,1.771,1.334,0,0.154,0.0,0,0,0
39,-25.5,72.8,-0.600,1,0.254,1.757,1.289,0,0.295,0.0,0,0,1
40,-27.0,78.5,-0.600,1,0.295,1.743,1.253,0,0.295,0.0,0,0,0
41,-28.0,83.1,-0.600,1,0.312,1.732,1.238,0,0.312,0.0,0,0,0
42,-29.0,89.3,-0.600,1,0.307,1.717,1.235,0,0.307,0.0,0,0,0
43,-29.9,95.8,-0.600,1,0.301,1.702,1.249,0,0.301,0.0,0,0,0
44,-30.8,102.2,-0.600,1,-0.181,1.690,1.277,0,-0.181,0.0,0,0,0
45,-31.6,108.4,-0.600,1,-0.281,1.681,1.311,0,-0.281,0.0,0,0,0
46,-32.6,114.7,-0.600,1,0.100,1.683,1.351,0,0.209,0.0,0,0,1
47,-33.6,118.1,-0.600,1,0.200,1.696,1.377,0,0.286,0.0,0,0,1
48,-35.1,121.9,-0.600,1,0.264,1.710,1.409,0,0.264,0.0,0,0,0
49,-36.3,127.3,-0.600,1,0.303,1.719,1.454,0,0.303,0.0,0,0,0
50,-36.9,131.5,-0.600,1,0.289,1.723,1.490,0,0.289,0.0,0,0,0
51,-37.6,136.7,-0.600,1,0.291,1.726,1.538,0,0.291,0.0,0,0,0
52,-38.1,142.0,-0.600,1,0.289,1.729,1.587,0,0.289,0.0,0,0,0
53,-38.5,147.2,-0.600,1,0.291,1.733,1.639,0,0.291,0.0,0,0,0
54,-38.8,152.2,-0.600,1,0.275,1.739,1.690,0,0.275,0.0,0,0,0
55,-39.1,157.2,-0.600,1,0.284,1.746,1.742,0,0.284,0.0,0,0,0
56,-39.4,162.8,-0.600,1,0.278,1.757,1.801,0,0.278,0.0,0,0,0
57,-39.6,166.7,-0.600,1,0.278,1.765,1.843,0,0.278,0.0,0,0,0
58,-39.7,172.1,-0.600,1,0.276,1.777,1.899,0,0.276,0.0,0,0,0
59,-39.9,175.8,-0.600,1,0.289,1.784,1.937,0,0.289,0.0,0,0,0
60,-40.1,-179.8,-0.600,1,-0.327,1.789,1.983,0,-0.327,0.0,0,0,0
61,-40.4,-174.8,-0.600,1,-0.377,1.791,2.033,0,-0.377,0.0,0,0,0
62,-40.8,-171.6,-0.600,1,-0.337,1.794,2.060,0,-0.337,0.0,0,0,0
63,-41.7,-168.4,-0.600,1,-0.357,1.805,2.080,0,-0.357,0.0,0,0,0
64,-43.3,-165.4,-0.600,1,-0.389,1.824,2.080,0,-0.389,0.0,0,0,0
65,-44.7,-163.6,-0.600,1,-0.337,1.837,2.073,0,-0.337,0.0,0,0,0
66,-46.7,-161.6,-0.600,1,-0.344,1.846,2.061,0,-0.344,0.0,0,0,0
67,-47.4,-158.5,-0.600,1,-0.308,1.852,2.042,0,-0.308,0.0,0,0,0
68,-46.7,-153.9,-0.600,1,-0.285,1.859,2.017,0,-0.285,0.0,0,0,0
69,-44.8,-148.0,-0.600,1,0.100,1.869,1.990,0,0.295,0.0,0,0,1
70,-42.3,-141.5,-0.600,1,0.200,1.882,1.966,0,0.282,0.0,0,0,1
71,-40.2,-135.2,-0.600,1,-0.279,1.896,1.949,0,-0.279,0.0,0,0,0
72,-39.3,-130.1,-0.600,1,-0.283,1.905,1.941,0,-0.283,0.0,0,0,0
73,-38.3,-124.1,-0.600,1,0.100,1.922,1.936,0,0.253,0.0,0,0,1
74,-36.7,-119.0,-0.600,1,-0.283,1.940,1.934,0,-0.283,0.0,0,0,0
75,-35.2,-113.4,-0.600,1,-0.284,1.965,1.943,0,-0.284,0.0,0,0,0
76,-33.5,-107.6,-0.600,1,-0.327,2.000,1.963,0,-0.327,0.0,0,0,0
77,-31.1,-101.3,-0.600,1,-0.366,2.044,1.991,0,-0.366,0.0,0,0,0
78,-28.5,-95.0,-0.600,1,-0.388,2.096,2.028,0,-0.388,0.0,0,0,0
79,-25.2,-87.6,-0.600,1,0.100,2.162,2.082,0,0.298,0.0,0,0,1
80,-22.9,-82.6,-0.600,1,0.200,2.213,2.127,0,0.308,0.0,0,0,1
81,-20.5,-77.2,-0.600,1,0.300,2.274,2.186,0,0.300,0.0,0,0,1
82,-19.4,-73.5,-0.544,1,0.000,2.326,2.247,0,0.354,479.0,1,0,0
83,-19.6,-71.5,-0.424,1,0.000,2.369,2.308,0,0.379,471.1,1,0,1
84,-19.9,-69.7,-0.451,1,0.100,2.416,2.370,0,0.351,464.4,0,0,1
85,-20.1,-67.9,-0.381,1,0.200,2.466,2.435,0,0.362,455.6,0,0,1
86,-20.8,-66.5,-0.357,1,0.300,2.521,2.511,0,0.338,448.5,0,0,1
87,-21.6,-65.9,-0.374,1,0.305,2.556,2.564,0,0.305,439.2,0,0,0
88,-22.3,-65.1,-0.401,1,0.302,2.593,2.625,0,0.302,432.5,0,0,0
89,-22.1,-63.3,-0.441,1,0.402,2.636,2.696,0,0.429,0.0,0,0,1
90,-21.2,-61.3,-0.427,1,0.388,2.666,2.746,0,0.388,0.0,0,0,0
91,-19.5,-58.4,-0.399,1,0.378,2.697,2.803,0,0.378,415.7,0,0,0
92,-17.4,-55.2,-0.330,1,0.367,2.723,2.856,0,0.367,409.0,0,0,0
93,-15.3,-52.0,-0.332,1,0.341,2.746,2.907,0,0.341,402.3,0,0,0
94,-13.4,-49.0,-0.269,1,0.335,2.769,2.955,0,0.335,396.5,0,0,0
95,-11.4,-45.9,-0.232,1,0.377,2.796,3.012,0,0.377,393.5,0,0,0
96,-10.1,-43.6,-0.192,1,0.371,2.819,3.059,0,0.371,390.1,0,0,0
97,-9.0,-41.7,-0.126,1,0.370,2.837,3.097,0,0.370,388.3,0,0,0
98,-8.0,-39.8,-0.146,1,0.310,2.857,3.141,0,0.310,387.6,0,0,0
99,-6.9,-37.6,-0.266,1,0.383,2.882,3.192,0,0.383,388.9,0,0,0
100,-6.4,-36.3,-0.353,1,0.407,2.901,3.230,0,0.407,389.5,0,0,0
101,-5.0,-34.5,-0.287,1,0.437,2.872,3.280,0,0.437,390.2,0,0,0
102,-3.8,-33.1,-0.317,1,0.408,2.841,3.312,0,0.408,391.6,0,0,0
103,-2.4,-31.4,-0.273,1,0.354,2.801,3.346,0,0.354,394.6,0,0,0
104,-1.1,-29.8,-0.252,1,0.330,2.763,3.379,0,0.330,399.0,0,0,0
105,0.1,-28.2,-0.273,1,0.328,2.727,3.413,0,0.328,402.3,0,0,0
106,1.2,-26.7,-0.301,1,0.358,2.695,3.448,0,0.358,405.9,0,0,0
107,2.2,-25.2,-0.347,1,0.333,2.663,3.482,0,0.333,409.8,0,0,0
108,3.2,-23.7,-0.325,1,0.320,2.630,3.514,0,0.320,412.9,0,0,0
109,4.1,-22.3,-0.205,1,0.420,2.599,3.545,0,0.479,416.0,0,0,1
110,4.3,-20.9,-0.085,1,0.361,2.568,3.575,0,0.361,418.0,0,0,0
111,3.7,-19.5,0.017,1,0.323,2.531,3.603,0,0.323,421.8,0,0,0
112,3.0,-18.2,0.029,1,0.358,2.487,3.630,0,0.358,426.7,0,0,0
113,2.1,-17.1,0.027,1,0.339,2.441,3.659,0,0.339,429.6,0,0,0
114,1.2,-16.0,0.027,1,0.356,2.388,3.686,0,0.356,434.4,0,0,0
115,0.3,-14.9,0.047,1,0.341,2.331,3.712,0,0.341,439.8,0,0,0
116,-0.8,-13.8,0.039,1,0.375,2.269,3.735,0,0.375,446.1,0,0,0
117,-1.9,-12.8,0.003,1,0.475,2.203,3.755,0,0.477,452.8,0,0,1
118,-3.3,-11.6,0.123,1,0.575,2.120,3.770,0,0.647,460.8,0,0,1
119,-4.5,-10.7,0.003,1,0.231,2.059,3.770,0,0.231,469.7,0,0,0
120,-6.6,-9.6,-0.117,1,0.000,1.973,3.755,0,0.249,477.2,1,0,0
121,-8.2,-8.8,-0.237,1,0.000,1.921,3.742,0,0.267,479.5,1,0,1
122,-10.6,-7.6,-0.357,0,0.000,1.875,3.735,0,0.270,479.7,1,0,1
123,-12.5,-6.4,-0.477,0,0.000,1.865,3.744,0,0.279,480.0,1,0,1
124,-14.0,-5.3,-0.597,0,0.000,1.873,3.757,0,0.299,480.0,1,0,1
125,-15.7,-4.1,-0.600,0,0.000,1.894,3.770,0,0.282,480.0,1,0,1
126,-17.4,-2.5,-0.600,0,0.000,1.929,3.777,0,0.287,480.0,1,0,1
127,-18.5,-1.3,-0.600,0,0.000,1.959,3.777,0,0.308,480.0,1,0,1
128,-19.7,-0.0,-0.600,0,0.000,2.002,3.771,0,0.341,480.0,1,0,1
129,-20.9,1.5,-0.600,0,0.000,2.059,3.756,0,0.376,480.0,1,0,1
130,-21.5,2.6,-0.600,0,0.100,2.103,3.740,0,0.482,344.4,0,0,1
131,-21.5,4.1,-0.600,0,0.200,2.110,3.708,0,0.897,346.1,0,0,1
132,-21.2,5.6,-0.600,0,0.300,2.102,3.668,0,0.846,348.7,0,0,1
133,-20.8,7.0,-0.600,0,0.400,2.089,3.624,0,0.611,351.8,0,0,1
134,-20.2,9.0,-0.600,0,0.500,2.065,3.565,0,0.592,353.4,0,0,1
135,-19.3,11.5,-0.600,0,0.551,2.032,3.497,0,0.551,354.0,0,0,0
136,-18.0,14.7,-0.494,0,0.000,1.982,3.409,0,0.492,480.0,1,0,0
137,-17.0,17.3,-0.530,1,0.000,1.942,3.343,0,0.432,480.0,1,0,1
138,-15.7,20.4,-0.411,1,0.000,1.901,3.274,0,0.438,480.0,1,0,1
139,-14.7,22.6,-0.531,1,0.000,1.874,3.231,0,0.397,480.0,1,0,1
140,-14.1,23.4,-0.600,1,0.000,1.864,3.221,0,0.437,480.0,1,0,1
141,-14.5,23.9,-0.600,1,0.000,1.905,3.217,0,0.372,480.0,1,0,1
142,-15.2,24.1,-0.600,1,0.000,1.948,3.215,0,0.379,480.0,1,0,1
143,-16.0,24.5,-0.600,1,0.000,1.995,3.213,0,0.383,479.5,1,0,1
144,-16.9,24.9,-0.600,1,0.000,2.040,3.211,0,0.370,479.9,1,0,1
145,-17.9,25.2,-0.600,1,0.000,2.080,3.209,0,0.356,479.6,1,0,1
146,-18.9,25.6,-0.600,1,0.000,2.116,3.207,0,0.356,479.4,1,0,1
147,-20.0,26.1,-0.549,1,0.000,2.148,3.205,0,0.357,479.2,1,0,1
148,-21.1,26.5,-0.467,1,0.000,2.176,3.202,0,0.366,478.6,1,0,1
149,-22.3,26.9,-0.587,1,0.100,2.199,3.200,0,0.332,0.0,0,0,1
150,-23.6,27.2,-0.600,1,0.200,2.218,3.198,0,0.420,0.0,0,0,1
151,-24.7,27.8,-0.600,1,0.300,2.229,3.193,0,0.387,0.0,0,0,1
152,-25.3,29.1,-0.600,1,0.395,2.228,3.180,0,0.395,0.0,0,0,0
153,-25.5,31.0,-0.480,1,0.375,2.213,3.160,0,0.375,0.0,0,0,0
154,-25.6,33.2,-0.395,1,0.368,2.189,3.135,0,0.368,0.0,0,0,0
155,-25.6,35.6,-0.357,1,0.360,2.157,3.108,0,0.360,0.0,0,0,0
156,-25.8,37.9,-0.323,1,0.352,2.120,3.080,0,0.352,0.0,0,0,0
157,-26.1,40.1,-0.299,1,0.361,2.084,3.053,0,0.361,0.0,0,0,0
158,-26.7,42.2,-0.288,1,0.365,2.053,3.027,0,0.365,0.0,0,0,0
159,-27.5,44.1,-0.408,1,0.279,2.025,3.002,0,0.279,0.0,0,0,0
160,-28.3,46.0,-0.528,1,0.300,2.001,2.977,0,0.300,0.0,0,0,0
161,-29.1,47.9,-0.600,1,0.304,1.982,2.955,0,0.304,0.0,0,0,0
162,-30.0,50.2,-0.600,1,0.302,1.965,2.932,0,0.302,0.0,0,0,0
163,-30.6,51.9,-0.600,1,0.293,1.956,2.917,0,0.293,0.0,0,0,0
164,-31.2,54.0,-0.600,1,0.288,1.946,2.899,0,0.288,0.0,0,0,0
165,-31.8,56.1,-0.600,1,0.291,1.939,2.882,0,0.291,0.0,0,0,0
166,-32.5,58.4,-0.600,1,0.306,1.934,2.887,0,0.306,0.0,0,0,0
167,-33.0,59.8,-0.600,1,0.306,1.931,2.913,0,0.306,0.0,0,0,0
168,-33.4,61.5,-0.600,1,0.289,1.928,2.941,0,0.289,0.0,0,0,0
169,-33.9,63.2,-0.600,1,0.304,1.924,2.967,0,0.304,0.0,0,0,0
170,-34.3,64.8,-0.600,1,0.314,1.916,2.989,0,0.314,0.0,0,0,0
171,-34.9,66.4,-0.600,1,0.365,1.904,3.009,0,0.365,0.0,0,0,0
172,-35.5,68.3,-0.600,1,0.337,1.883,3.026,0,0.337,0.0,0,0,0
173,-36.0,69.7,-0.600,1,0.338,1.863,3.035,0,0.338,0.0,0,0,0
174,-36.6,71.4,-0.600,1,0.333,1.837,3.041,0,0.333,0.0,0,0,0
175,-37.3,73.0,-0.600,1,0.335,1.807,3.044,0,0.335,0.0,0,0,0
176,-37.9,74.7,-0.600,1,0.317,1.774,3.043,0,0.317,0.0,0,0,0
177,-38.6,76.7,-0.600,1,0.298,1.739,3.040,0,0.298,0.0,0,0,0
178,-39.2,78.1,-0.600,1,0.267,1.717,3.039,0,0.267,0.0,0,0,0
179,-40.2,79.4,-0.600,1,0.281,1.697,3.040,0,0.281,0.0,0,0,0
180,-41.2,80.7,-0.600,1,0.289,1.680,3.041,0,0.289,0.0,0,0,0
181,-42.2,82.0,-0.600,1,0.309,1.668,3.044,0,0.309,0.0,0,0,0
182,-43.1,83.4,-0.600,1,0.260,1.658,3.048,0,0.260,0.0,0,0,0
183,-43.9,85.0,-0.600,1,0.299,1.650,3.053,0,0.299,0.0,0,0,0
184,-44.8,86.5,-0.600,1,0.288,1.647,3.059,0,0.288,0.0,0,0,0
185,-45.6,88.1,-0.600,1,0.300,1.646,3.066,0,0.300,0.0,0,0,0
186,-46.3,89.8,-0.600,1,0.291,1.649,3.074,0,0.291,0.0,0,0,0
187,-46.9,91.5,-0.600,1,-0.280,1.655,3.083,0,-0.280,0.0,0,0,0
188,-47.6,93.1,-0.600,1,-0.302,1.664,3.094,0,-0.302,0.0,0,0,0
189,-48.3,94.2,-0.600,1,0.100,1.682,3.105,0,0.277,0.0,0,0,1
190,-49.2,94.3,-0.600,1,0.200,1.712,3.116,0,0.288,0.0,0,0,1
191,-50.5,93.7,-0.600,1,0.281,1.749,3.127,0,0.281,0.0,0,0,0
192,-51.8,93.4,-0.600,1,0.286,1.784,3.140,0,0.286,0.0,0,0,0
193,-52.5,94.1,-0.600,1,0.286,1.819,3.156,0,0.286,0.0,0,0,0
194,-52.7,95.2,-0.600,1,0.286,1.841,3.169,0,0.286,0.0,0,0,0
195,-50.8,97.2,-0.600,1,0.282,1.826,3.186,0,0.282,0.0,0,0,0
196,-48.6,99.7,-0.600,1,0.285,1.806,3.207,0,0.285,0.0,0,0,0
197,-47.0,101.5,-0.600,1,0.286,1.790,3.224,0,0.286,0.0,0,0,0
198,-45.1,103.5,-0.600,1,0.283,1.772,3.245,0,0.283,0.0,0,0,0
199,-43.0,105.8,-0.600,1,0.301,1.749,3.271,0,0.301,0.0,0,0,0
200,-41.5,107.5,-0.600,1,0.302,1.733,3.291,0,0.302,0.0,0,0,0
201,-39.7,109.5,-0.600,1,0.320,1.711,3.316,0,0.320,0.0,0,0,0
202,-38.3,111.5,-0.600,1,0.311,1.697,3.343,0,0.311,0.0,0,0,0
203,-38.5,113.4,-0.600,1,0.313,1.722,3.371,0,0.313,0.0,0,0,0
204,-38.8,115.3,-0.600,1,0.318,1.745,3.401,0,0.318,0.0,0,0,0
205,-39.2,117.1,-0.600,1,0.307,1.763,3.432,0,0.307,0.0,0,0,0
206,-39.6,119.0,-0.600,1,0.310,1.778,3.464,0,0.310,0.0,0,0,0
207,-40.2,121.0,-0.600,1,0.312,1.799,3.503,0,0.312,0.0,0,0,0
208,-40.6,122.8,-0.600,1,0.324,1.820,3.537,0,0.324,0.0,0,0,0
209,-40.8,124.6,-0.480,1,0.314,1.843,3.573,0,0.314,0.0,0,0,0
210,-41.0,126.1,-0.360,1,0.339,1.863,3.604,0,0.339,0.0,0,0,0
211,-41.3,128.0,-0.240,1,0.310,1.895,3.648,0,0.310,0.0,0,0,0
212,-41.6,129.2,-0.120,1,0.310,1.920,3.681,0,0.310,0.0,0,0,0
213,-42.1,130.4,0.000,1,0.299,1.952,3.720,0,0.299,0.0,0,0,0
214,-42.7,131.4,0.120,1,0.320,1.987,3.759,0,0.320,0.0,0,0,0
215,-43.5,132.3,0.240,1,0.321,2.030,3.806,0,0.321,0.0,0,0,0
216,-44.2,132.8,0.360,1,0.353,2.062,3.840,0,0.353,0.0,0,0,0
217,-45.4,132.9,0.240,1,0.418,2.102,3.881,0,0.418,0.0,0,0,0
218,-46.6,133.1,0.120,1,0.444,2.142,3.925,0,0.444,0.0,0,0,0
219,-48.0,133.1,0.000,1,0.279,2.179,3.972,0,0.279,0.0,0,0,0
220,-49.4,133.3,-0.120,1,0.379,2.216,4.023,0,0.439,0.0,0,0,1
221,-50.7,133.4,-0.240,1,0.421,2.256,4.073,0,0.421,0.0,0,0,0
222,-51.9,133.6,-0.360,1,0.456,2.299,4.122,0,0.456,0.0,0,0,0
223,-53.1,133.7,-0.480,1,0.556,2.341,4.173,0,0.616,0.0,0,0,1
224,-54.1,134.1,-0.600,1,0.656,2.383,4.227,0,0.658,0.0,0,0,1
225,-55.0,134.7,-0.600,1,0.640,2.422,4.286,0,0.640,0.0,0,0,0
226,-55.7,135.7,-0.549,1,0.521,2.458,4.352,0,0.521,0.0,0,0,0
227,-56.0,137.0,-0.600,1,0.509,2.494,4.419,0,0.509,0.0,0,0,0
228,-56.1,138.4,-0.536,1,0.506,2.534,4.484,0,0.506,0.0,0,0,0
229,-56.1,139.8,-0.600,1,0.468,2.584,4.557,0,0.468,0.0,0,0,0
230,-55.8,141.2,-0.600,1,0.568,2.628,4.620,0,0.614,0.0,0,0,1
231,-55.3,142.6,-0.600,1,0.668,2.665,4.672,0,0.740,0.0,0,0,1
232,-54.7,144.3,-0.600,1,0.750,2.707,4.739,0,0.761,0.0,0,0,0
233,-53.9,146.3,-0.600,1,0.750,2.744,4.814,0,0.809,0.0,0,0,0
234,-53.2,148.3,-0.600,1,0.750,2.777,4.896,0,0.779,0.0,0,0,0
235,-52.2,150.5,-0.600,1,0.750,2.807,4.982,0,0.793,0.0,0,0,0
236,-51.0,153.1,-0.600,1,0.750,2.840,5.086,0,0.798,0.0,0,0,0
237,-50.1,154.9,-0.600,1,0.750,2.863,5.162,0,0.797,0.0,0,0,0
238,-49.0,157.0,-0.600,1,0.750,2.889,5.254,0,0.805,0.0,0,0,0
239,-47.7,159.4,-0.480,1,0.247,2.918,5.363,0,0.247,0.0,0,0,0
240,-46.8,161.0,-0.600,1,-0.232,2.938,5.442,0,-0.232,0.0,0,0,0
241,-45.7,163.1,-0.600,1,-0.279,2.963,5.526,0,-0.279,0.0,0,0,0
242,-44.4,165.3,-0.600,1,0.100,2.998,5.580,0,0.292,0.0,0,0,1
243,-42.9,167.3,-0.600,1,0.200,3.044,5.617,0,0.285,0.0,0,0,1
244,-41.5,169.0,-0.600,1,0.287,3.112,5.643,0,0.287,0.0,0,0,0
245,-40.7,170.0,-0.600,1,0.285,3.161,5.660,0,0.285,0.0,0,0,0
246,-39.5,171.5,-0.600,1,-0.317,3.216,5.685,0,-0.317,0.0,0,0,0
247,-38.2,173.1,-0.600,1,-0.299,3.270,5.711,0,-0.299,0.0,0,0,0
248,-36.8,174.7,-0.600,1,-0.317,3.341,5.731,0,-0.317,0.0,0,0,0
249,-36.1,175.4,-0.600,1,0.100,3.401,5.732,0,0.290,0.0,0,0,1
250,-35.7,175.6,-0.600,1,0.200,3.485,5.720,0,0.284,0.0,0,0,1
251,-36.0,175.1,-0.600,1,0.273,3.571,5.706,0,0.273,0.0,0,0,0
252,-36.1,174.9,-0.600,1,0.284,3.648,5.703,0,0.284,0.0,0,0,0
253,-35.1,176.0,-0.600,1,0.280,3.716,5.711,0,0.280,0.0,0,0,0
254,-32.9,178.2,-0.600,1,0.292,3.775,5.729,0,0.292,0.0,0,0,0
255,-30.3,-179.0,-0.600,1,0.291,3.830,5.751,0,0.291,0.0,0,0,0
256,-27.2,-175.7,-0.600,1,0.291,3.891,5.781,0,0.291,0.0,0,0,0
257,-24.9,-173.4,-0.600,1,0.301,3.933,5.803,0,0.301,0.0,0,0,0
258,-22.3,-170.7,-0.600,1,0.296,3.982,5.831,0,0.296,0.0,0,0,0
259,-19.6,-168.0,-0.480,1,0.396,4.030,5.858,0,0.855,343.1,0,0,1
260,-16.9,-165.3,-0.360,1,0.496,4.077,5.886,0,0.918,337.7,0,0,1
261,-14.1,-162.4,-0.377,1,0.596,4.078,5.922,0,0.911,332.5,0,0,1
262,-12.0,-160.3,-0.366,1,0.696,4.044,5.955,0,0.954,330.2,0,0,1
263,-9.3,-157.7,-0.336,1,0.796,3.993,6.003,0,0.944,329.8,0,0,1
264,-6.7,-155.2,-0.312,1,0.896,3.931,6.060,0,0.968,329.9,0,0,1
265,-4.2,-152.9,-0.307,1,0.959,3.858,6.126,0,0.959,331.2,0,0,0
266,-1.4,-150.5,-0.332,1,0.968,3.776,6.172,0,0.968,332.9,0,0,0
267,0.3,-149.2,-0.233,1,0.960,3.690,6.194,0,0.960,334.3,0,0,0
268,1.3,-148.7,-0.239,1,0.937,3.610,6.207,0,0.937,334.6,0,0,0
269,2.8,-147.7,-0.119,1,0.934,3.533,6.216,0,0.934,333.1,0,0,0
270,5.1,-145.9,0.001,1,0.946,3.450,6.235,0,0.946,341.4,0,0,0
271,7.6,-143.7,0.048,1,0.938,3.371,6.253,0,0.938,347.5,0,0,0
272,8.9,-142.8,0.099,1,0.882,3.286,6.273,0,0.882,351.8,0,0,0
273,9.9,-142.4,0.080,1,0.894,3.182,6.303,0,0.894,359.0,0,0,0
274,10.7,-142.1,0.116,1,0.820,3.110,6.325,0,0.820,364.5,0,0,0
275,11.5,-141.8,0.133,1,0.716,3.024,6.353,0,0.716,372.3,0,0,0
276,12.2,-141.5,0.173,1,0.756,2.942,6.382,0,0.756,380.7,0,0,0
277,12.7,-141.5,0.145,1,0.740,2.856,6.409,0,0.740,389.6,0,0,0
278,13.1,-141.5,0.090,1,0.687,2.795,6.427,0,0.687,396.7,0,0,0
279,13.4,-141.5,0.064,1,0.450,2.723,6.448,0,0.450,403.8,0,0,0
280,13.9,-141.5,0.184,1,0.515,2.644,6.470,0,0.515,411.7,0,0,0
281,14.3,-141.4,0.304,1,0.504,2.593,6.481,0,0.504,419.9,0,0,0
282,13.6,-141.3,0.298,1,0.530,2.555,6.488,0,0.530,426.9,0,0,0
283,12.5,-141.3,0.243,1,0.491,2.518,6.492,0,0.491,432.1,0,0,0
284,10.7,-141.5,0.123,1,0.412,2.469,6.496,0,0.412,437.6,0,0,0
285,9.5,-141.6,0.070,1,0.408,2.432,6.498,0,0.408,441.3,0,0,0
286,8.0,-141.7,0.150,1,0.387,2.388,6.495,0,0.387,446.7,0,0,0
287,6.5,-141.7,0.096,1,0.300,2.341,6.491,0,0.300,450.3,0,0,0
288,4.8,-141.8,-0.001,1,0.277,2.291,6.485,0,0.277,455.4,0,0,0
289,3.2,-141.7,0.065,1,0.105,2.244,6.474,0,0.105,455.7,0,0,0
290,1.3,-141.6,0.060,1,0.010,2.199,6.458,0,0.010,458.9,0,0,0
291,-0.1,-141.4,0.130,1,-0.035,2.174,6.443,0,-0.035,467.7,0,0,0
292,-2.1,-141.1,0.174,1,-0.075,2.160,6.409,0,-0.075,475.9,0,0,0
293,-3.5,-140.8,0.209,1,-0.107,2.159,6.379,0,-0.107,478.8,0,0,0
294,-5.2,-140.5,0.127,1,-0.095,2.163,6.340,0,-0.095,479.9,0,0,0
295,-6.8,-140.1,0.108,1,-0.023,2.171,6.299,0,-0.023,480.0,0,0,0
296,-8.4,-139.6,0.094,1,0.000,2.179,6.258,0,0.116,479.5,1,0,1
297,-10.1,-139.2,0.146,1,-0.088,2.184,6.221,0,-0.088,479.9,0,0,0
298,-11.7,-138.9,0.064,1,-0.084,2.188,6.186,0,-0.084,479.5,0,0,0
299,-13.3,-138.5,-0.056,1,0.000,2.197,6.148,0,0.090,479.9,1,0,0
300,-15.1,-137.9,-0.176,1,0.000,2.210,6.103,0,0.212,479.8,1,0,1
301,-16.4,-137.5,-0.296,1,0.000,2.215,6.072,0,0.261,479.4,1,0,1
302,-18.0,-137.1,-0.416,1,0.000,2.213,6.039,0,0.309,474.1,1,0,1
303,-19.8,-136.5,-0.536,1,0.000,2.205,6.001,0,0.299,476.0,1,0,1
304,-21.0,-136.1,-0.600,1,0.100,2.194,5.974,0,0.317,0.0,0,0,1
305,-22.5,-135.5,-0.600,1,-0.002,2.179,5.943,0,-0.002,0.0,0,0,0
306,-24.0,-135.0,-0.600,1,-0.286,2.160,5.915,0,-0.286,0.0,0,0,0
307,-25.3,-134.2,-0.600,1,-0.249,2.147,5.885,0,-0.249,0.0,0,0,0
308,-26.6,-133.5,-0.600,1,0.100,2.145,5.848,0,0.330,0.0,0,0,1
309,-28.0,-132.9,-0.600,1,0.200,2.153,5.805,0,0.305,0.0,0,0,1
310,-29.6,-132.5,-0.600,1,0.300,2.155,5.768,0,0.300,0.0,0,0,0
311,-31.1,-131.8,-0.600,1,0.234,2.146,5.741,0,0.234,0.0,0,0,0
312,-32.0,-130.5,-0.600,1,0.306,2.127,5.724,0,0.306,0.0,0,0,0
313,-32.7,-128.9,-0.600,1,0.307,2.107,5.709,0,0.307,0.0,0,0,0
314,-33.2,-127.0,-0.600,1,0.307,2.085,5.697,0,0.307,0.0,0,0,0
315,-33.6,-125.0,-0.600,1,-0.276,2.065,5.685,0,-0.276,0.0,0,0,0
316,-33.9,-122.9,-0.600,1,0.100,2.046,5.673,0,0.370,0.0,0,0,1
317,-34.4,-121.0,-0.600,1,0.200,2.037,5.656,0,0.331,0.0,0,0,1
318,-35.2,-119.6,-0.600,1,0.300,2.036,5.635,0,0.320,0.0,0,0,1
319,-35.9,-117.9,-0.600,1,0.281,2.034,5.616,0,0.281,0.0,0,0,0
320,-36.3,-116.0,-0.600,1,0.287,2.029,5.599,0,0.287,0.0,0,0,0
321,-36.5,-113.4,-0.600,1,0.288,2.024,5.580,0,0.288,0.0,0,0,0
322,-36.6,-111.5,-0.600,1,0.291,2.022,5.565,0,0.291,0.0,0,0,0
323,-36.8,-109.4,-0.600,1,0.294,2.022,5.548,0,0.294,0.0,0,0,0
324,-36.8,-107.1,-0.600,1,0.293,2.024,5.529,0,0.293,0.0,0,0,0
325,-36.8,-104.8,-0.600,1,0.285,2.028,5.510,0,0.285,0.0,0,0,0
326,-36.7,-102.5,-0.600,1,-0.309,2.033,5.489,0,-0.309,0.0,0,0,0
327,-36.7,-100.3,-0.600,1,0.100,2.042,5.467,0,0.266,0.0,0,0,1
328,-36.7,-98.2,-0.600,1,0.200,2.058,5.444,0,0.264,0.0,0,0,1
329,-37.1,-96.5,-0.600,1,0.300,2.080,5.419,0,0.376,0.0,0,0,1
330,-37.2,-94.6,-0.600,1,0.333,2.102,5.394,0,0.333,0.0,0,0,0
331,-37.0,-92.1,-0.600,1,0.322,2.124,5.365,0,0.322,0.0,0,0,0
332,-36.5,-90.0,-0.600,1,0.295,2.137,5.344,0,0.295,0.0,0,0,0
333,-35.9,-87.4,-0.600,1,-0.259,2.153,5.318,0,-0.259,0.0,0,0,0
334,-35.2,-84.8,-0.600,1,0.100,2.171,5.290,0,0.318,0.0,0,0,1
335,-34.7,-82.5,-0.600,1,0.200,2.197,5.262,0,0.312,0.0,0,0,1
336,-34.6,-80.7,-0.600,1,0.297,2.229,5.235,0,0.297,0.0,0,0,0
337,-34.5,-78.9,-0.600,1,0.287,2.260,5.207,0,0.287,0.0,0,0,0
338,-34.1,-76.8,-0.600,1,0.290,2.288,5.177,0,0.290,0.0,0,0,0
339,-33.4,-74.5,-0.600,1,0.321,2.314,5.146,0,0.321,0.0,0,0,0
340,-32.5,-71.7,-0.600,1,0.327,2.344,5.109,0,0.327,0.0,0,0,0
341,-31.7,-69.7,-0.600,1,0.356,2.365,5.081,0,0.356,0.0,0,0,0
342,-30.8,-67.2,-0.600,1,0.407,2.388,5.045,0,0.407,0.0,0,0,0
343,-29.8,-64.7,-0.600,1,0.507,2.410,5.008,0,0.677,0.0,0,0,1
344,-28.5,-61.8,-0.600,1,0.607,2.432,4.960,0,0.724,0.0,0,0,1
345,-27.5,-59.7,-0.600,1,0.512,2.444,4.923,0,0.512,0.0,0,0,0
346,-26.2,-56.8,-0.600,1,0.612,2.452,4.864,0,0.658,0.0,0,0,1
347,-25.4,-54.8,-0.600,1,0.423,2.459,4.820,0,0.423,0.0,0,0,0
348,-24.3,-52.2,-0.554,1,0.414,2.465,4.754,0,0.414,0.0,0,0,0
349,-23.5,-50.3,-0.443,1,0.300,2.474,4.710,0,0.300,0.0,0,0,0
350,-22.6,-48.3,-0.563,1,0.318,2.491,4.659,0,0.318,0.0,0,0,0
351,-21.9,-46.3,-0.600,1,0.335,2.514,4.611,0,0.335,0.0,0,0,0
352,-20.9,-44.5,-0.600,1,0.355,2.502,4.570,0,0.355,0.0,0,0,0
353,-19.7,-42.7,-0.600,1,0.359,2.472,4.530,0,0.359,447.2,0,0,0
354,-18.4,-40.9,-0.600,1,0.362,2.440,4.491,0,0.362,447.3,0,0,0
355,-17.2,-39.0,-0.600,1,0.375,2.408,4.452,0,0.375,447.9,0,0,0
356,-16.0,-37.2,-0.600,1,0.403,2.375,4.414,0,0.403,450.2,0,0,0
357,-14.7,-35.3,-0.533,1,0.408,2.341,4.377,0,0.408,451.4,0,0,0
358,-13.4,-33.3,-0.546,1,0.389,2.305,4.338,0,0.389,454.0,0,0,0
359,-12.4,-31.4,-0.526,1,0.376,2.284,4.299,0,0.376,459.3,0,0,0
360,-11.8,-29.5,-0.406,1,0.476,2.281,4.263,0,0.536,461.5,0,0,1
361,-10.6,-27.7,-0.286,1,0.559,2.244,4.229,0,0.559,465.2,0,0,0
362,-9.6,-25.8,-0.196,1,0.000,2.208,4.189,0,0.490,470.5,1,0,0
363,-9.8,-24.1,-0.274,1,0.000,2.196,4.145,0,0.448,476.1,1,0,1
364,-10.1,-22.3,-0.230,1,0.000,2.189,4.112,0,0.457,479.6,1,0,1
365,-10.7,-20.8,-0.231,1,0.000,2.191,4.094,0,0.426,480.0,1,0,1
366,-11.7,-19.6,-0.259,1,0.000,2.205,4.093,0,0.437,480.0,1,0,1
367,-13.1,-18.8,-0.279,1,0.000,2.222,4.101,0,0.455,478.8,1,0,1
368,-14.6,-18.0,-0.272,1,0.000,2.237,4.110,0,0.482,477.4,1,0,1
369,-16.1,-17.2,-0.392,1,0.000,2.247,4.120,0,0.274,475.5,1,0,1
370,-17.6,-16.4,-0.461,0,0.000,2.252,4.129,0,0.250,471.6,1,0,1
371,-19.0,-15.6,-0.487,0,0.100,2.253,4.136,0,0.231,468.6,0,0,1
372,-20.4,-14.7,-0.519,0,0.000,2.247,4.140,0,0.248,474.8,1,0,1
373,-21.7,-13.6,-0.581,0,0.100,2.236,4.136,0,0.271,332.2,0,0,1
374,-23.0,-12.6,-0.600,0,0.200,2.227,4.132,0,0.296,334.8,0,0,1
375,-24.2,-11.4,-0.600,0,0.300,2.217,4.120,0,0.321,334.9,0,0,1
376,-25.2,-9.9,-0.600,0,0.356,2.202,4.097,0,0.356,334.3,0,0,0
377,-25.9,-8.1,-0.600,0,0.348,2.182,4.064,0,0.348,333.3,0,0,0
378,-26.5,-6.1,-0.600,0,0.358,2.158,4.019,0,0.358,334.0,0,0,0
379,-27.0,-3.8,-0.570,0,0.458,2.134,3.970,0,1.112,335.6,0,0,1
380,-27.5,-1.6,-0.539,0,0.558,2.112,3.915,0,1.035,338.7,0,0,1
381,-28.1,1.2,-0.566,0,0.658,2.084,3.842,0,0.950,341.5,0,0,1
382,-28.5,3.7,-0.573,0,0.758,2.052,3.764,0,0.869,344.4,0,0,1
383,-29.0,5.9,-0.583,0,0.772,2.020,3.689,0,0.790,348.9,0,0,0
384,-29.6,8.8,-0.596,0,0.755,1.978,3.588,0,0.826,350.9,0,0,0
385,-30.3,11.7,-0.521,0,0.767,1.934,3.481,0,0.767,353.7,0,0,0
386,-31.2,14.6,-0.525,0,0.703,1.893,3.371,0,0.703,358.2,0,0,0
387,-32.2,17.3,-0.421,0,0.642,1.855,3.267,0,0.642,362.6,0,0,0
388,-33.4,19.5,-0.377,0,0.632,1.825,3.201,0,0.632,370.4,0,0,0
389,-34.7,21.4,-0.257,0,0.372,1.802,3.140,0,0.372,375.6,0,0,0
390,-36.2,23.2,-0.137,0,-0.479,1.784,3.082,0,-0.479,381.8,0,0,0
391,-37.6,24.9,-0.017,0,-0.471,1.774,3.029,0,-0.471,0.0,0,0,0
392,-39.0,26.3,0.103,0,-0.425,1.778,2.991,0,-0.425,0.0,0,0,0
393,-40.5,27.0,0.223,0,-0.441,1.799,2.968,0,-0.441,0.0,0,0,0
394,-41.9,27.2,0.343,0,-0.435,1.837,2.964,0,-0.435,0.0,0,0,0
395,-43.2,26.8,0.463,0,-0.397,1.889,2.976,0,-0.397,0.0,0,0,0
396,-44.7,26.0,0.583,0,-0.376,1.950,2.997,0,-0.376,0.0,0,0,0
397,-46.1,25.1,0.463,0,-0.305,2.013,3.021,0,-0.305,0.0,0,0,0
398,-47.4,24.2,0.343,0,-0.161,2.077,3.047,0,-0.161,0.0,0,0,0
399,-48.6,23.4,0.223,0,0.100,2.141,3.073,0,0.381,0.0,0,0,1
400,-49.7,22.8,0.103,0,0.200,2.199,3.092,0,0.438,0.0,0,0,1
401,-50.7,22.5,-0.017,0,0.300,2.252,3.102,0,0.333,0.0,0,0,1
402,-51.9,22.5,-0.137,0,0.348,2.297,3.099,0,0.348,0.0,0,0,0
403,-53.5,22.2,-0.257,0,0.448,2.334,3.083,0,0.626,383.8,0,0,1
404,-55.6,22.1,-0.377,0,0.538,2.371,3.052,0,0.538,384.9,0,0,0
405,-57.3,22.1,-0.497,0,0.602,2.394,3.022,0,0.602,388.2,0,0,0
406,-59.3,22.2,-0.600,0,0.636,2.420,2.979,0,0.636,0.0,0,0,0
407,-61.3,22.6,-0.600,0,0.608,2.444,2.927,0,0.608,0.0,0,0,0
408,-62.9,23.3,-0.567,0,0.573,2.469,2.873,0,0.573,0.0,0,0,0
409,-64.3,24.4,-0.600,0,0.382,2.497,2.819,0,0.382,0.0,0,0,0
410,-65.3,25.6,-0.600,0,0.372,2.528,2.768,0,0.372,0.0,0,0,0
411,-65.9,27.2,-0.600,0,0.388,2.562,2.722,0,0.388,0.0,0,0,0
412,-66.3,28.6,-0.600,0,0.351,2.602,2.686,0,0.351,0.0,0,0,0
413,-66.5,30.1,-0.600,0,0.451,2.643,2.653,0,0.757,0.0,0,0,1
414,-66.7,30.8,-0.600,0,0.551,2.686,2.579,0,0.651,0.0,0,0,1
415,-66.8,31.5,-0.600,0,0.419,2.728,2.505,0,0.419,0.0,0,0,0
416,-66.8,32.5,-0.600,0,0.393,2.767,2.429,0,0.393,0.0,0,0,0
417,-66.5,33.5,-0.600,0,0.493,2.815,2.353,0,0.527,0.0,0,0,1
418,-66.3,34.1,-0.600,0,0.593,2.851,2.305,0,0.683,0.0,0,0,1
419,-66.0,34.9,-0.600,0,0.687,2.892,2.250,0,0.687,0.0,0,0,0
420,-65.8,35.7,-0.600,0,0.469,2.930,2.194,0,0.469,0.0,0,0,0
421,-65.6,36.7,-0.600,0,0.427,2.965,2.140,0,0.427,0.0,0,0,0
422,-65.2,37.8,-0.600,0,0.431,3.003,2.097,0,0.431,0.0,0,0,0
423,-64.5,38.8,-0.600,0,0.531,3.044,2.069,0,0.785,0.0,0,0,1
424,-63.8,39.6,-0.600,0,0.631,3.086,2.047,0,0.720,0.0,0,0,1
425,-63.2,40.6,-0.600,0,0.728,3.125,2.022,0,0.728,0.0,0,0,0
426,-62.6,41.9,-0.600,0,0.750,3.159,1.991,0,0.755,0.0,0,0,0
427,-61.9,43.6,-0.577,0,0.765,3.189,1.956,0,0.765,0.0,0,0,0
428,-61.0,45.6,-0.457,0,0.835,3.216,1.919,0,0.835,0.0,0,0,0
429,-60.4,47.5,-0.577,0,0.315,3.241,1.881,0,0.315,0.0,0,0,0
430,-60.0,49.4,-0.600,0,-0.322,3.262,1.842,0,-0.322,0.0,0,0,0
431,-59.3,51.4,-0.600,0,-0.322,3.285,1.806,0,-0.322,0.0,0,0,0
432,-58.4,53.2,-0.600,0,-0.316,3.313,1.780,0,-0.316,0.0,0,0,0
433,-57.6,54.3,-0.600,0,-0.306,3.350,1.763,0,-0.306,0.0,0,0,0
434,-56.5,54.7,-0.600,0,0.100,3.404,1.761,0,0.284,0.0,0,0,1
435,-55.7,54.1,-0.600,0,0.200,3.461,1.772,0,0.284,0.0,0,0,1
436,-55.3,53.4,-0.600,0,0.300,3.509,1.782,0,0.302,0.0,0,0,1
437,-54.6,53.0,-0.600,0,0.300,3.561,1.790,0,0.300,0.0,0,0,0
438,-53.4,53.3,-0.600,0,0.303,3.616,1.795,0,0.303,0.0,0,0,0
439,-52.5,53.7,-0.600,1,0.291,3.653,1.798,0,0.291,0.0,0,0,0
440,-51.2,54.5,-0.600,1,-0.272,3.697,1.802,0,-0.272,0.0,0,0,0
441,-49.6,55.4,-0.600,1,-0.087,3.749,1.808,0,-0.087,0.0,0,0,0
442,-48.5,55.7,-0.600,1,0.100,3.790,1.818,0,0.289,0.0,0,0,1
443,-47.7,55.1,-0.600,1,0.200,3.848,1.838,0,0.296,0.0,0,0,1
444,-47.1,54.4,-0.600,1,-0.266,3.905,1.859,0,-0.266,0.0,0,0,0
445,-46.1,54.3,-0.600,1,-0.306,3.957,1.876,0,-0.306,0.0,0,0,0
446,-44.9,54.1,-0.600,1,-0.292,4.022,1.902,0,-0.292,0.0,0,0,0
447,-44.3,53.3,-0.600,1,-0.314,4.077,1.928,0,-0.314,0.0,0,0,0
448,-43.8,51.9,-0.600,1,-0.312,4.150,1.967,0,-0.312,0.0,0,0,0
449,-43.7,50.1,-0.600,1,0.100,4.223,2.007,0,0.305,0.0,0,0,1
450,-42.7,49.3,-0.600,1,0.200,4.296,2.049,0,0.284,0.0,0,0,1
451,-40.2,49.9,-0.600,1,0.287,4.378,2.097,0,0.287,0.0,0,0,0
452,-38.4,50.6,-0.600,1,-0.193,4.432,2.127,0,-0.193,0.0,0,0,0
453,-36.8,51.2,-0.600,1,-0.228,4.492,2.161,0,-0.228,0.0,0,0,0
454,-35.0,51.8,-0.600,1,-0.255,4.555,2.197,0,-0.255,0.0,0,0,0
455,-32.4,53.1,-0.600,1,-0.249,4.623,2.238,0,-0.249,0.0,0,0,0
456,-29.0,55.1,-0.600,1,-0.256,4.695,2.283,0,-0.256,0.0,0,0,0
457,-25.4,57.3,-0.600,1,-0.274,4.770,2.330,0,-0.274,0.0,0,0,0
458,-21.4,59.9,-0.600,1,-0.274,4.848,2.378,0,-0.274,321.4,0,0,0
459,-17.3,62.7,-0.480,1,0.100,4.927,2.427,0,0.973,316.0,0,0,1
460,-13.2,65.4,-0.439,1,0.200,4.967,2.476,0,1.004,310.6,0,0,1
461,-9.5,67.8,-0.407,1,0.300,4.984,2.525,0,1.022,307.2,0,0,1
462,-7.5,68.9,-0.378,1,0.400,4.990,2.569,0,1.030,305.6,0,0,1
463,-7.0,68.8,-0.339,1,0.500,4.985,2.610,0,1.031,305.2,0,0,1
464,-7.4,68.1,-0.363,1,0.600,4.966,2.646,0,1.033,305.7,0,0,1
465,-7.1,68.3,-0.264,1,0.700,4.936,2.678,0,1.014,307.1,0,0,1
466,-5.1,70.4,-0.273,1,0.800,4.896,2.707,0,1.009,307.3,0,0,1
467,-2.1,73.8,-0.253,1,0.900,4.842,2.734,0,1.012,308.2,0,0,1
468,1.0,77.6,-0.270,1,1.000,4.774,2.761,0,1.029,309.0,0,0,1
469,4.3,81.9,-0.150,1,0.967,4.679,2.794,0,0.967,310.2,0,0,0
470,6.3,84.8,-0.030,1,0.987,4.602,2.820,0,0.987,312.7,0,0,0
471,8.4,87.9,0.068,1,0.964,4.506,2.855,0,0.964,314.2,0,0,0
472,10.0,90.5,0.040,1,0.901,4.410,2.894,0,0.901,316.3,0,0,0
473,11.2,92.6,0.065,1,0.834,4.316,2.936,0,0.834,319.4,0,0,0
474,12.1,94.3,0.023,1,0.820,4.227,2.981,0,0.820,323.4,0,0,0
475,13.0,95.9,0.022,1,0.739,4.130,3.034,0,0.739,326.4,0,0,0
476,13.5,96.8,0.065,1,0.618,4.064,3.073,0,0.618,329.9,0,0,0
477,14.1,97.8,0.100,1,0.501,3.979,3.127,0,0.501,333.4,0,0,0
478,14.4,98.3,0.023,1,0.548,3.927,3.165,0,0.548,335.9,0,0,0
479,14.8,98.7,0.030,1,0.648,3.873,3.209,0,0.814,339.2,0,0,1
480,15.0,99.0,0.078,1,0.748,3.821,3.254,0,0.794,342.7,0,0,1
481,15.1,99.4,0.111,1,0.763,3.776,3.299,0,0.763,345.8,0,0,0
482,14.3,99.9,0.155,1,0.777,3.741,3.347,0,0.777,346.7,0,0,0
483,13.2,100.4,0.073,1,0.766,3.685,3.403,0,0.766,348.1,0,0,0
484,12.1,100.7,0.010,1,0.726,3.628,3.452,0,0.726,350.3,0,0,0
485,11.3,101.1,-0.027,1,0.685,3.576,3.493,0,0.685,352.6,0,0,0
486,10.3,101.5,-0.124,1,0.714,3.511,3.541,0,0.714,355.7,0,0,0
487,9.4,102.1,-0.141,1,0.596,3.441,3.589,0,0.596,360.1,0,0,0
488,8.5,102.6,-0.141,1,0.505,3.365,3.637,0,0.505,363.3,0,0,0
489,6.8,102.3,-0.021,1,0.605,3.294,3.684,0,0.810,366.2,0,0,1
490,5.0,101.8,0.099,1,0.705,3.219,3.733,0,0.807,365.3,0,0,1
491,3.3,101.7,0.215,1,0.805,3.121,3.785,0,0.807,370.5,0,0,1
492,1.4,101.2,0.135,1,0.657,3.024,3.830,0,0.657,375.4,0,0,0
493,-0.4,100.9,0.122,1,0.633,2.934,3.869,0,0.633,380.2,0,0,0
494,-2.5,100.5,0.052,1,0.491,2.831,3.915,0,0.491,387.8,0,0,0
495,-5.2,99.8,0.102,1,0.470,2.727,3.966,0,0.470,395.2,0,0,0
496,-6.9,99.6,0.016,1,0.410,2.657,4.001,0,0.410,408.6,0,0,0
497,-8.9,99.3,-0.070,1,0.343,2.583,4.041,0,0.343,417.1,0,0,0
498,-11.3,98.9,-0.108,1,0.315,2.507,4.086,0,0.315,422.2,0,0,0
499,-12.9,98.7,-0.228,1,0.353,2.460,4.117,0,0.353,429.9,0,0,0
500,-15.2,98.4,-0.329,1,0.346,2.401,4.160,0,0.346,438.5,0,0,0
501,-17.1,98.3,-0.313,1,0.331,2.352,4.197,0,0.331,445.7,0,0,0
502,-18.7,98.3,-0.285,1,0.302,2.314,4.228,0,0.302,455.2,0,0,0
503,-20.4,98.5,-0.314,1,0.294,2.271,4.266,0,0.294,465.0,0,0,0
504,-22.3,98.6,-0.279,1,0.185,2.234,4.303,0,0.185,0.0,0,0,0
505,-24.2,98.7,-0.302,1,0.180,2.202,4.340,0,0.180,0.0,0,0,0
506,-26.2,98.7,-0.383,1,0.189,2.178,4.376,0,0.189,0.0,0,0,0
507,-28.2,98.6,-0.421,1,0.144,2.161,4.412,0,0.144,0.0,0,0,0
508,-30.2,98.5,-0.483,1,0.118,2.147,4.449,0,0.118,0.0,0,0,0
509,-32.4,98.4,-0.600,1,0.218,2.139,4.491,0,0.280,0.0,0,0,1
510,-34.0,98.4,-0.600,1,0.292,2.137,4.521,0,0.292,0.0,0,0,0
511,-35.8,98.5,-0.600,1,0.297,2.135,4.558,0,0.297,0.0,0,0,0
512,-37.5,98.9,-0.600,1,0.293,2.129,4.596,0,0.293,0.0,0,0,0
513,-39.2,99.5,-0.600,1,0.296,2.124,4.635,0,0.296,0.0,0,0,0
514,-40.6,100.4,-0.598,1,0.275,2.122,4.675,0,0.275,0.0,0,0,0
515,-41.9,101.8,-0.580,1,0.269,2.124,4.687,0,0.269,0.0,0,0,0
516,-43.1,103.3,-0.600,1,0.264,2.129,4.693,0,0.264,0.0,0,0,0
517,-44.4,105.2,-0.600,1,0.267,2.141,4.701,0,0.267,0.0,0,0,0
518,-45.3,106.5,-0.600,1,0.271,2.153,4.707,0,0.271,0.0,0,0,0
519,-45.2,108.2,-0.600,1,0.329,2.151,4.714,0,0.329,0.0,0,0,0
520,-44.2,110.0,-0.600,1,0.322,2.133,4.723,0,0.322,0.0,0,0,0
521,-43.3,111.9,-0.600,1,0.322,2.112,4.733,0,0.322,0.0,0,0,0
522,-41.9,114.3,-0.600,1,0.336,2.085,4.748,0,0.336,0.0,0,0,0
523,-40.9,116.1,-0.600,1,0.319,2.066,4.759,0,0.319,0.0,0,0,0
524,-39.7,118.2,-0.600,1,0.324,2.041,4.773,0,0.324,0.0,0,0,0
525,-38.2,120.7,-0.600,1,0.313,2.012,4.792,0,0.313,0.0,0,0,0
526,-37.0,122.6,-0.600,1,0.314,1.991,4.806,0,0.314,0.0,0,0,0
527,-35.7,124.8,-0.600,1,0.338,1.966,4.823,0,0.338,0.0,0,0,0
528,-34.3,127.0,-0.600,1,0.365,1.940,4.842,0,0.365,0.0,0,0,0
529,-32.9,129.3,-0.600,1,0.258,1.912,4.862,0,0.258,0.0,0,0,0
530,-31.1,132.0,-0.600,1,0.166,1.879,4.888,0,0.166,0.0,0,0,0
531,-30.9,133.8,-0.594,1,0.000,1.865,4.906,0,0.000,0.0,0,0,0
532,-31.5,135.7,-0.600,1,-0.331,1.859,4.922,0,-0.331,0.0,0,0,0
533,-32.4,137.0,-0.600,1,0.100,1.858,4.929,0,0.328,0.0,0,0,1
534,-33.6,137.7,-0.600,1,-0.108,1.865,4.927,0,-0.108,0.0,0,0,0
535,-35.4,137.8,-0.600,1,0.100,1.866,4.926,0,0.296,0.0,0,0,1
536,-37.1,137.1,-0.600,1,0.200,1.864,4.915,0,0.293,0.0,0,0,1
537,-38.6,136.9,-0.600,1,0.298,1.851,4.902,0,0.298,0.0,0,0,0
538,-39.2,137.7,-0.600,1,0.274,1.828,4.890,0,0.274,0.0,0,0,0
539,-39.2,139.8,-0.600,1,0.056,1.787,4.876,0,0.056,0.0,0,0,0
540,-39.1,141.8,-0.600,1,-0.019,1.746,4.860,0,-0.019,0.0,0,0,0
541,-39.1,143.6,-0.600,1,-0.319,1.710,4.835,0,-0.319,0.0,0,0,0
542,-39.4,144.7,-0.600,1,-0.347,1.690,4.803,0,-0.347,0.0,0,0,0
543,-40.5,145.0,-0.600,1,-0.313,1.680,4.749,0,-0.313,0.0,0,0,0
544,-41.9,145.0,-0.600,1,-0.363,1.680,4.669,0,-0.363,0.0,0,0,0
545,-42.7,145.3,-0.600,1,-0.370,1.683,4.595,0,-0.370,0.0,0,0,0
546,-42.4,146.6,-0.600,1,-0.362,1.687,4.529,0,-0.362,0.0,0,0,0
547,-40.9,149.3,-0.600,1,-0.361,1.693,4.447,0,-0.361,0.0,0,0,0
548,-38.7,152.8,-0.600,1,-0.374,1.701,4.362,0,-0.374,0.0,0,0,0
549,-36.0,156.9,-0.600,1,0.100,1.714,4.261,0,0.335,0.0,0,0,1
550,-33.8,160.0,-0.600,1,0.200,1.726,4.187,0,0.320,0.0,0,0,1
551,-31.6,163.4,-0.600,1,0.300,1.738,4.101,0,0.340,0.0,0,0,1
552,-31.1,165.5,-0.600,1,0.327,1.742,4.025,0,0.327,0.0,0,0,0
553,-32.2,166.1,-0.600,1,0.427,1.737,3.962,0,0.463,0.0,0,0,1
554,-34.1,166.1,-0.600,1,0.352,1.725,3.909,0,0.352,0.0,0,0,0
555,-35.5,166.8,-0.600,1,0.350,1.711,3.865,0,0.350,0.0,0,0,0
556,-35.5,169.0,-0.600,1,0.348,1.701,3.819,0,0.348,0.0,0,0,0
557,-34.3,172.8,-0.600,1,0.377,1.689,3.771,0,0.377,0.0,0,0,0
558,-33.2,175.6,-0.600,1,0.334,1.681,3.739,0,0.334,0.0,0,0,0
559,-31.9,179.1,-0.600,1,0.295,1.671,3.704,0,0.295,0.0,0,0,0
560,-30.8,-177.7,-0.600,1,0.299,1.663,3.669,0,0.299,0.0,0,0,0
561,-29.9,-174.8,-0.600,1,0.344,1.659,3.634,0,0.344,0.0,0,0,0
562,-29.3,-172.3,-0.600,1,0.337,1.657,3.599,0,0.337,0.0,0,0,0
563,-28.8,-169.9,-0.580,1,0.328,1.656,3.565,0,0.328,0.0,0,0,0
564,-28.4,-167.7,-0.600,1,0.329,1.656,3.533,0,0.329,0.0,0,0,0
565,-28.1,-164.8,-0.600,1,0.325,1.658,3.548,0,0.325,0.0,0,0,0
566,-27.9,-163.3,-0.600,1,0.318,1.660,3.527,0,0.318,0.0,0,0,0
567,-27.7,-161.7,-0.600,1,0.303,1.665,3.491,0,0.303,0.0,0,0,0
568,-27.7,-160.5,-0.566,1,0.298,1.672,3.462,0,0.298,0.0,0,0,0
569,-27.8,-159.6,-0.600,1,0.340,1.681,3.433,0,0.340,0.0,0,0,0
570,-27.9,-158.6,-0.600,1,0.329,1.691,3.405,0,0.329,0.0,0,0,0
571,-28.2,-157.9,-0.600,1,0.330,1.699,3.380,0,0.330,0.0,0,0,0
572,-28.4,-157.1,-0.600,1,0.323,1.702,3.356,0,0.323,0.0,0,0,0
573,-28.7,-156.3,-0.600,1,0.320,1.702,3.335,0,0.320,0.0,0,0,0
574,-29.2,-155.7,-0.600,1,0.315,1.698,3.315,0,0.315,0.0,0,0,0
575,-29.8,-155.1,-0.600,1,0.317,1.690,3.296,0,0.317,0.0,0,0,0
576,-30.4,-154.6,-0.600,1,0.305,1.680,3.279,0,0.305,0.0,0,0,0
577,-31.1,-154.1,-0.524,1,0.231,1.666,3.263,0,0.231,0.0,0,0,0
578,-31.9,-153.7,-0.404,1,-0.220,1.650,3.248,0,-0.220,0.0,0,0,0
579,-32.8,-153.5,-0.524,1,0.100,1.635,3.231,0,0.139,0.0,0,0,1
580,-34.3,-153.7,-0.600,1,-0.324,1.625,3.200,0,-0.324,0.0,0,0,0
581,-35.7,-154.3,-0.600,1,-0.323,1.626,3.173,0,-0.323,0.0,0,0,0
582,-37.3,-155.2,-0.600,1,0.100,1.635,3.135,0,0.246,0.0,0,0,1
583,-39.5,-156.7,-0.600,1,0.200,1.659,3.082,0,0.277,0.0,0,0,1
584,-41.7,-158.3,-0.600,1,0.270,1.675,3.046,0,0.270,0.0,0,0,0
585,-43.1,-159.1,-0.600,1,0.306,1.684,3.025,0,0.306,0.0,0,0,0
586,-43.7,-158.9,-0.600,1,0.296,1.690,3.010,0,0.296,0.0,0,0,0
587,-43.4,-157.8,-0.600,1,-0.307,1.694,3.005,0,-0.307,0.0,0,0,0
588,-42.9,-156.5,-0.600,1,-0.315,1.698,3.004,0,-0.315,0.0,0,0,0
589,-42.5,-155.4,-0.600,1,0.100,1.708,3.001,0,0.322,0.0,0,0,1
590,-42.9,-155.2,-0.600,1,0.200,1.734,2.986,0,0.328,0.0,0,0,1
591,-43.6,-155.8,-0.600,1,0.300,1.760,2.971,0,0.308,0.0,0,0,1
592,-44.8,-156.8,-0.600,1,0.317,1.788,2.960,0,0.317,0.0,0,0,0
593,-45.2,-156.9,-0.600,1,0.319,1.813,2.959,0,0.319,0.0,0,0,0
594,-45.5,-156.8,-0.600,1,0.310,1.836,2.965,0,0.310,0.0,0,0,0
595,-44.7,-155.7,-0.600,1,0.306,1.857,2.979,0,0.306,0.0,0,0,0
596,-43.5,-154.2,-0.600,1,0.306,1.880,3.003,0,0.306,0.0,0,0,0
597,-42.5,-152.9,-0.600,1,0.294,1.896,3.024,0,0.294,0.0,0,0,0
598,-41.3,-151.6,-0.600,1,0.335,1.917,3.051,0,0.335,0.0,0,0,0
599,-40.4,-150.5,-0.600,1,0.298,1.938,3.081,0,0.298,0.0,0,0,0
600,-39.3,-149.5,-0.600,1,0.289,1.961,3.113,0,0.289,0.0,0,0,0
601,-38.3,-148.4,-0.600,1,0.285,1.984,3.149,0,0.285,0.0,0,0,0
602,-37.4,-147.6,-0.600,1,0.289,2.009,3.186,0,0.289,0.0,0,0,0
603,-36.5,-146.7,-0.600,1,0.285,2.036,3.225,0,0.285,0.0,0,0,0
604,-35.6,-146.0,-0.600,1,0.287,2.063,3.267,0,0.287,0.0,0,0,0
605,-34.7,-145.3,-0.600,1,0.287,2.092,3.309,0,0.287,0.0,0,0,0
606,-33.8,-144.7,-0.600,1,0.304,2.121,3.355,0,0.304,0.0,0,0,0
607,-32.9,-143.3,-0.600,1,0.314,2.150,3.390,0,0.314,0.0,0,0,0
608,-31.8,-141.0,-0.600,1,0.309,2.184,3.416,0,0.309,0.0,0,0,0
609,-30.9,-139.3,-0.600,1,0.409,2.208,3.435,0,0.491,0.0,0,0,1
610,-29.9,-137.3,-0.600,1,0.400,2.238,3.457,0,0.400,0.0,0,0,0
611,-28.8,-135.5,-0.600,1,0.394,2.265,3.480,0,0.394,0.0,0,0,0
612,-27.7,-133.5,-0.600,1,0.368,2.289,3.506,0,0.368,0.0,0,0,0
613,-26.5,-131.6,-0.600,1,0.353,2.313,3.531,0,0.353,0.0,0,0,0
614,-25.3,-129.8,-0.600,1,0.333,2.338,3.554,0,0.333,0.0,0,0,0
615,-24.2,-128.1,-0.559,1,0.328,2.365,3.575,0,0.328,0.0,0,0,0
616,-23.0,-126.4,-0.486,1,0.305,2.394,3.594,0,0.305,0.0,0,0,0
617,-21.8,-124.8,-0.441,1,0.288,2.423,3.613,0,0.288,0.0,0,0,0
618,-20.7,-123.3,-0.447,1,0.293,2.455,3.629,0,0.293,436.9,0,0,0
619,-19.9,-122.0,-0.394,1,0.393,2.488,3.644,0,0.445,430.8,0,0,1
620,-19.1,-120.9,-0.360,1,0.460,2.522,3.658,0,0.460,427.0,0,0,0
621,-18.5,-119.9,-0.294,1,0.465,2.554,3.673,0,0.465,422.5,0,0,0
622,-17.6,-118.8,-0.298,1,0.441,2.580,3.691,0,0.441,417.7,0,0,0
623,-16.7,-117.7,-0.271,1,0.422,2.600,3.710,0,0.422,417.8,0,0,0
624,-15.7,-116.6,-0.151,1,0.396,2.621,3.729,0,0.396,418.4,0,0,0
625,-14.8,-116.0,-0.150,1,0.372,2.642,3.688,0,0.372,416.2,0,0,0
626,-14.1,-115.5,-0.084,1,0.421,2.666,3.645,0,0.421,413.3,0,0,0
627,-13.5,-115.0,-0.078,1,0.423,2.692,3.598,0,0.423,410.1,0,0,0
628,-13.0,-114.5,-0.017,1,0.427,2.715,3.552,0,0.427,407.4,0,0,0
629,-12.7,-114.3,-0.137,1,0.318,2.738,3.506,0,0.318,402.3,0,0,0
630,-12.6,-114.1,-0.257,1,0.418,2.764,3.454,0,0.544,399.3,0,0,1
631,-12.5,-113.9,-0.377,1,0.507,2.784,3.417,0,0.507,396.8,0,0,0
632,-12.3,-113.5,-0.437,1,0.536,2.808,3.374,0,0.536,396.5,0,0,0
633,-12.1,-113.0,-0.450,1,0.621,2.825,3.335,0,0.621,395.9,0,0,0
634,-11.6,-112.2,-0.376,1,0.546,2.839,3.296,0,0.546,395.5,0,0,0
635,-11.1,-111.6,-0.412,1,0.616,2.845,3.271,0,0.616,395.2,0,0,0
636,-10.4,-110.8,-0.307,1,0.544,2.853,3.239,0,0.544,393.5,0,0,0
637,-9.8,-110.0,-0.351,1,0.638,2.859,3.208,0,0.638,391.8,0,0,0
638,-9.2,-109.3,-0.341,1,0.692,2.867,3.175,0,0.692,385.6,0,0,0
639,-8.5,-108.6,-0.408,1,0.603,2.870,3.143,0,0.603,379.1,0,0,0
640,-8.0,-108.2,-0.404,1,0.614,2.870,3.111,0,0.614,375.6,0,0,0
641,-7.2,-107.5,-0.385,1,0.592,2.871,3.078,0,0.592,373.1,0,0,0
642,-6.4,-106.8,-0.407,1,0.500,2.874,3.043,0,0.500,372.8,0,0,0
643,-5.3,-105.8,-0.291,1,0.524,2.881,3.000,0,0.524,372.6,0,0,0
644,-4.5,-105.1,-0.247,1,0.508,2.891,2.967,0,0.508,374.6,0,0,0
645,-3.8,-104.5,-0.205,1,0.533,2.904,2.926,0,0.533,379.3,0,0,0
646,-3.2,-103.9,-0.205,1,0.516,2.919,2.885,0,0.516,381.7,0,0,0
647,-2.7,-103.5,-0.180,1,0.499,2.932,2.843,0,0.499,383.3,0,0,0
648,-2.2,-103.2,-0.186,1,0.363,2.946,2.801,0,0.363,383.0,0,0,0
649,-1.7,-102.8,-0.072,1,0.463,2.965,2.750,0,0.686,381.5,0,0,1
650,-1.3,-102.4,-0.106,1,0.563,2.985,2.712,0,0.751,377.4,0,0,1
651,-1.1,-102.1,-0.139,1,0.663,3.009,2.666,0,0.752,373.1,0,0,1
652,-0.9,-102.1,-0.083,1,0.677,3.022,2.622,0,0.677,369.7,0,0,0
653,-0.8,-102.6,-0.077,1,0.590,3.027,2.574,0,0.590,368.5,0,0,0
654,-0.8,-103.1,-0.052,1,0.440,3.026,2.541,0,0.440,368.3,0,0,0
655,-0.8,-103.4,-0.048,1,0.363,3.031,2.501,0,0.363,369.6,0,0,0
656,-0.6,-103.5,-0.064,1,0.331,3.004,2.461,0,0.331,370.9,0,0,0
657,-0.5,-103.4,-0.150,1,0.274,2.965,2.420,0,0.274,373.5,0,0,0
658,-0.5,-103.2,-0.164,1,0.235,2.934,2.378,0,0.235,376.4,0,0,0
659,-0.4,-102.7,-0.125,1,0.335,2.907,2.338,0,0.939,378.6,0,0,1
660,-0.4,-102.2,-0.117,1,0.435,2.884,2.298,0,0.878,380.4,0,0,1
661,-0.6,-101.9,-0.118,1,0.535,2.859,2.260,0,0.831,381.4,0,0,1
662,-0.9,-101.8,-0.146,1,0.635,2.822,2.227,0,0.711,382.4,0,0,1
663,-1.1,-102.0,-0.150,1,0.219,2.776,2.197,0,0.219,383.7,0,0,0
664,-1.6,-102.5,-0.169,1,0.319,2.722,2.170,0,0.348,386.5,0,0,1
665,-1.6,-102.5,-0.158,1,0.301,2.672,2.144,0,0.301,388.3,0,0,0
666,-1.6,-102.0,-0.120,1,0.244,2.637,2.115,0,0.244,394.9,0,0,0
667,-1.7,-101.5,-0.218,1,0.233,2.607,2.087,0,0.233,400.0,0,0,0
668,-1.8,-100.7,-0.098,1,0.281,2.584,2.059,0,0.281,404.3,0,0,0
669,-1.9,-99.9,0.022,1,0.356,2.562,2.033,0,0.356,410.0,0,0,0
670,-2.1,-99.0,0.142,1,0.350,2.534,2.004,0,0.350,414.3,0,0,0
671,-2.4,-98.6,0.164,1,0.335,2.510,1.985,0,0.335,419.9,0,0,0
672,-2.9,-98.2,0.284,1,0.304,2.480,1.965,0,0.304,425.9,0,0,0
673,-3.3,-97.9,0.404,1,0.291,2.448,1.945,0,0.291,430.5,0,0,0
674,-3.9,-97.6,0.524,1,0.329,2.419,1.927,0,0.329,435.9,0,0,0
675,-3.1,-97.4,0.600,1,0.312,2.406,1.909,0,0.312,440.6,0,0,0
676,-2.3,-97.6,0.600,1,0.315,2.389,1.893,0,0.315,437.6,0,0,0
677,-1.6,-98.0,0.600,1,0.314,2.365,1.879,0,0.314,433.0,0,0,0
678,-0.7,-98.2,0.600,1,0.308,2.336,1.866,0,0.308,440.2,0,0,0
679,0.1,-98.4,0.480,1,0.092,2.303,1.853,0,0.092,451.0,0,0,0
680,0.8,-98.8,0.600,1,0.192,2.263,1.842,0,0.208,460.1,0,0,1
681,1.6,-99.0,0.600,1,0.258,2.222,1.832,0,0.258,466.8,0,0,0
682,2.5,-98.9,0.480,1,0.000,2.179,1.822,0,0.088,473.3,1,0,0
683,3.4,-99.0,0.600,1,0.000,2.134,1.813,0,0.258,478.5,1,0,1
684,4.6,-98.5,0.600,1,0.000,2.102,1.804,0,0.161,480.0,1,0,1
685,6.2,-97.2,0.600,1,0.000,2.084,1.795,0,0.284,479.4,1,0,1
686,8.1,-95.7,0.600,1,0.000,2.072,1.787,0,0.283,472.4,1,0,1
687,10.1,-94.1,0.600,1,0.000,2.065,1.781,0,0.288,478.0,1,0,1
688,12.0,-92.6,0.600,1,0.000,2.061,1.776,0,0.279,479.3,1,0,1
689,13.8,-91.2,0.600,1,0.000,2.059,1.773,0,0.310,480.0,1,0,1
690,15.6,-89.8,0.539,1,0.000,2.059,1.770,0,0.240,480.0,1,0,1
691,17.4,-88.4,0.440,1,0.000,2.062,1.769,0,0.199,480.0,1,0,1
692,19.2,-86.9,0.422,1,0.000,2.068,1.769,0,0.212,480.0,1,0,1
693,21.1,-85.4,0.542,1,0.000,2.076,1.770,0,0.296,480.0,1,0,1
694,23.0,-83.8,0.600,1,0.100,2.086,1.772,0,0.317,0.0,0,0,1
695,24.8,-82.4,0.600,1,0.200,2.097,1.775,0,0.314,0.0,0,0,1
696,26.0,-81.8,0.600,1,0.300,2.101,1.777,0,0.346,0.0,0,0,1
697,26.6,-82.3,0.600,1,0.342,2.093,1.779,0,0.342,0.0,0,0,0
698,26.6,-83.6,0.600,1,0.442,2.073,1.780,0,0.473,0.0,0,0,1
699,26.4,-85.5,0.600,1,0.280,2.043,1.782,0,0.280,0.0,0,0,0
700,25.8,-88.5,0.600,1,0.287,1.995,1.785,0,0.287,0.0,0,0,0
