step,bear_target,bear_other,w_cmd,on_target,v_cmd,dist_target,dist_other,estop
1,-13.5,16.8,-0.120,1,0.946,4.592,4.662,0
2,-12.7,16.8,-0.240,1,0.927,4.551,4.662,0
3,-11.7,16.9,-0.259,1,0.918,4.494,4.640,0
4,-10.5,17.1,-0.240,1,0.913,4.416,4.588,0
5,-9.1,17.8,-0.243,1,0.924,4.314,4.516,0
6,-7.8,18.6,-0.235,1,0.910,4.188,4.415,0
7,-6.9,19.0,-0.164,1,0.878,4.043,4.291,0
8,-4.6,20.9,-0.116,1,0.852,3.907,4.171,0
9,-2.3,23.2,0.004,1,1.000,3.752,4.037,0
10,-0.8,24.8,-0.116,1,0.992,3.597,3.910,0
11,0.1,25.9,-0.190,1,0.962,3.439,3.781,0
12,0.6,26.9,-0.250,1,0.838,3.272,3.645,0
13,1.4,28.2,-0.250,1,0.801,3.103,3.508,0
14,2.6,29.7,-0.228,1,0.762,2.942,3.378,0
15,3.8,31.5,-0.174,1,0.724,2.788,3.258,0
16,5.3,33.5,-0.081,1,0.789,2.638,3.147,0
17,6.8,35.6,-0.033,1,0.894,2.492,3.043,0
18,8.5,37.8,-0.042,1,0.748,2.347,2.943,0
19,10.6,40.3,0.078,1,0.283,2.203,2.846,0
20,13.1,42.9,0.198,1,0.253,2.069,2.761,0
21,15.8,45.4,0.318,1,0.243,1.953,2.693,0
22,18.6,47.8,0.393,1,0.246,1.863,2.643,0
23,21.4,49.6,0.428,1,0.280,1.801,2.609,0
24,24.0,51.2,0.384,1,0.265,1.760,2.585,0
25,26.8,52.7,0.397,1,0.258,1.732,2.565,0
26,29.5,54.0,0.380,1,0.161,1.711,2.550,0
27,31.7,55.4,0.389,1,0.150,1.695,2.539,0
28,33.2,56.8,0.425,1,0.174,1.684,2.533,0
29,34.4,58.0,0.545,1,0.059,1.676,2.530,0
30,35.7,59.2,0.600,1,-0.374,1.669,2.527,0
31,37.0,60.3,0.600,1,0.109,1.666,2.528,0
32,38.1,61.4,0.565,1,0.166,1.674,2.535,0
33,39.1,62.3,0.493,1,0.126,1.682,2.543,0
34,40.0,63.2,0.513,1,0.159,1.682,2.546,0
35,41.0,64.0,0.523,1,0.192,1.682,2.549,0
36,42.3,64.8,0.403,1,0.028,1.685,2.553,0
37,43.0,65.5,0.380,1,0.279,1.684,2.557,0
38,44.0,66.4,0.412,1,0.257,1.689,2.565,0
39,44.4,67.2,0.532,1,-0.203,1.687,2.571,0
40,43.9,67.8,0.600,1,-0.394,1.670,2.575,0
41,43.4,68.3,0.600,1,-0.387,1.655,2.578,0
42,42.9,69.1,0.600,1,-0.442,1.650,2.585,0
43,42.9,70.3,0.600,1,-0.433,1.658,2.597,0
44,42.8,71.5,0.600,1,-0.409,1.673,2.610,0
45,42.9,72.8,0.543,1,-0.440,1.689,2.620,0
46,43.0,74.2,0.475,1,-0.442,1.703,2.628,0
47,42.9,75.3,0.404,1,-0.432,1.715,2.632,0
48,41.5,75.2,0.284,1,-0.430,1.726,2.634,0
49,40.0,74.3,0.216,1,-0.607,1.720,2.635,0
50,39.3,72.9,0.336,1,-0.593,1.677,2.636,0
51,38.0,71.0,0.456,1,-0.529,1.632,2.639,0
52,36.1,68.7,0.576,1,-0.511,1.585,2.643,0
53,32.8,66.2,0.600,1,-0.496,1.582,2.648,0
54,28.9,63.5,0.572,1,-0.475,1.603,2.653,0
55,25.1,60.7,0.517,1,-0.478,1.625,2.658,0
56,21.4,58.1,0.397,1,-0.464,1.649,2.662,0
57,19.1,55.7,0.327,1,-0.469,1.652,2.667,0
58,18.3,53.4,0.207,1,-0.494,1.643,2.674,0
59,15.7,51.5,0.327,1,-0.371,1.661,2.682,0
60,15.4,49.7,0.369,1,-0.356,1.646,2.690,0
61,14.9,48.1,0.392,1,-0.344,1.625,2.701,0
62,14.5,46.4,0.398,1,-0.340,1.602,2.713,0
63,11.9,44.8,0.379,1,-0.328,1.628,2.727,0
64,9.8,43.2,0.356,1,-0.318,1.648,2.739,0
65,9.7,41.7,0.378,1,-0.279,1.633,2.753,0
66,9.5,40.3,0.348,1,-0.258,1.613,2.768,0
67,9.4,39.0,0.280,1,-0.295,1.587,2.782,0
68,9.3,37.8,0.214,1,-0.283,1.557,2.797,0
69,9.2,36.8,0.334,1,-0.363,1.523,2.811,0
70,9.1,35.9,0.454,1,-0.360,1.486,2.826,0
71,8.9,34.9,0.574,1,-0.349,1.445,2.840,0
72,8.3,33.7,0.471,1,-0.078,1.404,2.853,0
73,7.7,32.3,0.460,1,0.096,1.366,2.865,0
74,7.8,31.2,0.482,1,-0.146,1.324,2.870,0
75,9.0,31.1,0.518,1,-0.339,1.274,2.864,0
76,10.8,31.4,0.507,1,-0.328,1.227,2.857,0
77,11.6,30.8,0.593,1,-0.325,1.202,2.858,0
78,10.8,29.6,0.600,1,-0.331,1.201,2.865,0
79,9.6,27.9,0.600,1,0.316,1.205,2.875,0
80,8.9,26.1,0.600,1,0.286,1.205,2.887,0
81,8.2,24.3,0.600,1,0.304,1.203,2.896,0
82,7.7,23.2,0.600,1,0.311,1.199,2.896,0
83,6.5,23.0,0.600,1,0.339,1.196,2.882,0
84,5.7,23.4,0.600,1,0.327,1.181,2.857,0
85,4.6,23.4,0.600,1,0.324,1.163,2.828,0
86,2.4,22.4,0.600,1,0.316,1.143,2.800,0
87,-1.1,20.2,0.600,1,0.307,1.121,2.770,0
88,-5.1,17.5,0.600,1,0.340,1.098,2.737,0
89,-9.1,15.0,0.600,1,0.332,1.073,2.704,0
90,-13.4,12.3,0.600,0,0.319,1.046,2.667,0
91,-17.8,9.7,0.600,0,0.362,1.018,2.630,0
92,-22.0,7.4,0.600,0,0.000,0.990,2.592,1
93,-26.3,5.1,0.600,0,0.000,0.961,2.551,1
94,-30.0,3.4,0.600,0,0.000,0.940,2.518,1
95,-30.4,3.1,0.566,0,0.000,0.961,2.499,1
96,-28.9,3.5,0.446,0,0.460,1.021,2.489,0
97,-28.0,4.0,0.424,0,0.401,1.088,2.484,0
98,-28.5,3.8,0.405,0,0.401,1.152,2.474,0
99,-31.0,2.4,0.525,0,0.305,1.207,2.455,0
100,-35.0,0.4,0.600,0,0.312,1.206,2.428,0
101,-39.0,-1.6,0.600,0,0.297,1.204,2.399,0
102,-42.7,-3.4,0.600,0,0.306,1.206,2.374,0
103,-46.2,-4.8,0.600,0,0.296,1.198,2.349,0
104,-48.7,-6.2,0.600,0,-0.352,1.253,2.324,0
105,-51.4,-7.5,0.600,0,0.297,1.311,2.301,0
106,-53.2,-8.2,0.600,0,-0.316,1.374,2.284,0
107,-55.1,-8.9,0.600,0,0.303,1.437,2.261,0
108,-56.6,-9.5,0.600,0,0.311,1.501,2.236,0
109,-58.5,-10.3,0.480,0,0.124,1.563,2.204,0
110,-60.9,-11.6,0.600,0,0.307,1.622,2.160,0
111,-63.1,-12.8,0.600,0,-0.372,1.682,2.114,0
112,-65.2,-13.9,0.600,0,-0.286,1.741,2.070,0
113,-66.6,-14.6,0.480,0,-0.144,1.804,2.036,0
114,-66.2,-13.8,0.360,0,-0.297,1.870,2.018,0
115,-64.4,-11.8,0.480,0,0.307,1.940,2.012,0
116,-61.8,-9.2,0.541,0,0.273,2.012,2.015,0
117,-59.8,-7.1,0.600,0,0.299,2.081,2.013,0
118,-59.3,-6.3,0.480,0,-0.278,2.140,1.999,0
119,-60.7,-7.1,0.600,0,-0.224,2.192,1.974,0
120,-61.8,-7.7,0.600,0,0.103,2.242,1.953,0
121,-61.5,-7.1,0.600,0,-0.016,2.295,1.944,0
122,-61.2,-6.5,0.600,0,0.286,2.344,1.934,0
123,-60.9,-5.9,0.600,0,0.277,2.392,1.926,0
124,-61.4,-6.0,0.480,0,-0.025,2.433,1.913,0
125,-63.0,-7.1,0.360,0,0.157,2.469,1.893,0
126,-64.1,-7.8,0.240,0,0.154,2.504,1.879,0
127,-64.6,-7.9,0.120,0,0.128,2.538,1.868,0
128,-64.8,-7.8,0.000,0,0.086,2.569,1.858,0
129,-64.6,-7.3,0.120,0,0.230,2.600,1.852,0
130,-64.0,-6.4,0.240,0,0.232,2.630,1.850,0
131,-63.7,-5.8,0.360,0,0.306,2.656,1.845,0
132,-64.4,-6.0,0.480,0,0.291,2.677,1.833,0
133,-65.6,-6.7,0.600,0,0.293,2.693,1.815,0
134,-67.0,-7.5,0.600,0,0.292,2.708,1.797,0
135,-68.5,-8.4,0.600,0,0.287,2.720,1.779,0
136,-69.8,-9.2,0.600,0,0.296,2.732,1.763,0
137,-71.2,-10.0,0.600,0,0.298,2.742,1.747,0
138,-72.5,-10.7,0.600,0,0.344,2.751,1.732,0
139,-73.8,-11.5,0.600,0,0.324,2.758,1.715,0
140,-75.5,-12.5,0.600,0,0.310,2.764,1.697,0
141,-76.8,-13.2,0.600,0,0.313,2.770,1.680,0
142,-76.6,-12.5,0.600,0,0.334,2.777,1.675,0
143,-77.3,-12.7,0.600,0,0.317,2.782,1.665,0
144,-79.6,-13.0,0.600,0,0.330,2.778,1.650,0
145,-82.4,-13.6,0.600,0,0.340,2.773,1.633,0
146,-85.3,-14.1,0.600,0,0.345,2.770,1.616,0
147,-88.2,-14.7,0.600,0,0.324,2.768,1.598,0
148,-91.2,-15.5,0.600,0,0.318,2.768,1.579,0
149,-94.2,-16.1,0.600,0,0.312,2.770,1.561,0
150,-97.0,-16.7,0.600,0,0.305,2.773,1.544,0
151,-99.9,-17.2,0.600,0,0.297,2.778,1.528,0
152,-102.6,-17.6,0.600,0,0.277,2.783,1.511,0
153,-105.2,-17.9,0.600,0,0.291,2.790,1.495,0
154,-107.7,-18.1,0.600,0,0.328,2.798,1.480,0
155,-110.3,-18.4,0.600,0,0.326,2.808,1.463,0
156,-113.0,-18.8,0.600,0,0.307,2.819,1.444,0
157,-115.7,-19.1,0.600,0,0.305,2.832,1.423,0
158,-118.4,-19.4,0.600,0,0.301,2.845,1.403,0
159,-121.0,-19.6,0.600,0,0.321,2.860,1.383,0
160,-123.5,-19.8,0.600,0,0.316,2.876,1.362,0
161,-126.2,-20.0,0.600,0,0.322,2.893,1.339,0
162,-128.8,-20.3,0.600,0,0.319,2.912,1.315,0
163,-131.5,-20.6,0.600,0,0.305,2.932,1.289,0
164,-134.1,-20.7,0.600,0,0.306,2.953,1.263,0
165,-136.8,-20.7,0.600,0,0.750,2.936,1.237,0
166,-139.8,-20.7,0.600,0,0.750,2.884,1.209,0
167,-143.6,-21.3,0.600,0,0.656,2.845,1.172,0
168,-148.3,-22.8,0.600,0,0.750,2.824,1.119,0
169,-153.4,-27.1,0.600,0,-0.203,2.820,1.062,0
170,-158.7,-32.5,0.600,0,0.269,2.832,1.002,0
171,-163.4,-37.8,0.600,0,0.000,2.855,0.946,1
172,-167.5,-42.3,0.600,0,0.000,2.875,0.904,1
173,-170.8,-45.7,0.600,0,0.000,2.888,0.877,1
174,-173.4,-47.4,0.600,0,0.000,2.891,0.866,1
175,-175.4,-48.1,0.600,0,0.000,2.894,0.862,1
176,-177.4,-48.6,0.600,0,0.000,2.905,0.861,1
177,-179.3,-49.2,0.600,0,0.000,2.919,0.859,1
178,178.8,-49.7,0.600,0,0.000,2.935,0.857,1
179,176.9,-50.2,0.600,0,0.000,2.954,0.855,1
180,175.0,-50.7,0.600,0,0.000,2.975,0.853,1
181,173.2,-51.3,0.600,0,0.000,2.998,0.851,1
182,171.3,-51.8,0.600,0,0.000,3.023,0.849,1
183,169.5,-52.5,0.600,0,0.000,3.050,0.847,1
184,167.6,-53.1,0.600,0,0.000,3.079,0.845,1
185,165.7,-53.8,0.600,0,0.000,3.110,0.843,1
186,163.8,-54.6,0.600,0,0.000,3.142,0.841,1
187,161.9,-56.2,0.600,0,0.000,3.177,0.825,1
188,160.1,-59.8,0.600,0,0.000,3.213,0.784,1
189,158.2,-64.1,0.600,0,0.000,3.250,0.750,1
190,156.3,-68.9,0.600,0,0.000,3.289,0.725,1
191,154.5,-74.1,0.600,0,0.000,3.330,0.709,1
192,152.6,-79.6,0.600,0,0.000,3.372,0.704,1
193,150.8,-85.2,0.600,0,0.000,3.416,0.708,1
194,148.9,-90.7,0.600,0,-0.333,3.461,0.711,0
195,147.1,-96.2,0.600,0,-0.296,3.506,0.714,0
196,145.9,-100.4,0.600,0,0.293,3.545,0.714,0
197,145.1,-102.6,0.600,0,0.282,3.579,0.710,0
198,143.7,-102.5,0.600,0,0.275,3.621,0.709,0
199,141.3,-104.3,0.600,0,0.291,3.672,0.710,0
200,137.6,-108.9,0.600,0,0.285,3.731,0.711,0
201,133.4,-116.0,0.600,0,0.291,3.794,0.711,0
202,128.8,-124.3,0.600,0,0.294,3.859,0.716,0
203,124.3,-132.6,0.600,1,0.293,3.924,0.728,0
204,120.5,-140.0,0.600,1,0.293,3.954,0.745,0
205,117.1,-146.3,0.600,1,0.299,3.967,0.765,0
206,113.9,-152.9,0.600,1,0.312,3.979,0.785,0
207,110.9,-157.8,0.600,1,0.331,3.989,0.810,0
208,108.0,-163.0,0.600,1,0.308,3.998,0.835,0
209,105.2,-167.4,0.600,1,0.404,4.007,0.862,0
210,102.5,-170.8,0.600,1,0.355,4.014,0.892,0
211,99.8,-174.8,0.600,1,0.369,4.020,0.921,0
212,97.1,-178.0,0.600,1,0.348,4.025,0.955,0
213,94.5,178.9,0.600,1,0.345,4.028,0.989,0
214,92.1,176.0,0.600,1,0.345,4.030,1.023,0
215,89.8,173.5,0.600,1,0.325,4.030,1.057,0
216,87.6,171.1,0.600,1,0.322,4.030,1.090,0
217,85.5,168.8,0.600,1,0.318,4.028,1.122,0
218,83.5,166.7,0.600,1,0.307,4.024,1.153,0
219,81.5,164.6,0.600,1,0.380,4.020,1.183,0
220,79.6,162.7,0.600,1,0.341,4.015,1.212,0
221,77.6,160.8,0.600,1,0.334,4.009,1.243,0
222,75.7,158.8,0.600,1,0.316,4.001,1.274,0
223,73.7,157.0,0.600,1,0.314,3.992,1.304,0
224,71.8,155.2,0.600,1,0.317,3.983,1.333,0
225,69.9,153.5,0.600,1,0.303,3.972,1.361,0
226,68.1,152.3,0.600,1,0.301,3.961,1.363,0
227,66.3,151.8,0.600,1,0.304,3.949,1.341,0
228,64.5,151.6,0.600,1,0.300,3.937,1.323,0
229,62.7,150.3,0.600,1,0.294,3.923,1.342,0
230,60.9,149.0,0.600,1,-0.332,3.910,1.359,0
231,59.2,147.8,0.600,1,-0.332,3.896,1.375,0
232,57.9,146.7,0.600,1,-0.358,3.886,1.390,0
233,57.5,146.3,0.600,1,-0.372,3.885,1.392,0
234,57.8,146.5,0.600,1,-0.378,3.834,1.380,0
235,58.5,147.0,0.552,1,-0.366,3.786,1.363,0
236,59.0,147.2,0.515,1,-0.362,3.738,1.347,0
237,59.6,147.5,0.412,1,-0.354,3.688,1.334,0
238,59.2,146.6,0.529,1,0.290,3.640,1.322,0
239,57.5,144.5,0.600,1,-0.043,3.594,1.310,0
240,55.5,141.0,0.600,1,0.316,3.548,1.261,0
241,53.9,138.7,0.600,1,0.327,3.504,1.256,0
242,52.7,136.9,0.600,1,0.330,3.461,1.257,0
243,51.9,135.6,0.600,1,0.319,3.416,1.265,0
244,50.5,133.7,0.600,1,0.326,3.371,1.277,0
245,48.3,131.0,0.600,1,0.365,3.326,1.291,0
246,45.5,127.9,0.600,1,0.355,3.278,1.306,0
247,42.5,124.7,0.600,1,0.349,3.228,1.323,0
248,39.8,121.9,0.600,1,0.343,3.177,1.330,0
249,37.3,119.2,0.600,1,0.332,3.125,1.346,0
250,35.0,116.8,0.600,1,0.331,3.073,1.360,0
251,32.9,114.6,0.600,1,0.330,3.022,1.373,0
252,31.0,112.5,0.600,1,0.323,2.972,1.385,0
253,29.2,110.5,0.600,1,0.312,2.922,1.396,0
254,27.7,108.8,0.600,1,0.298,2.874,1.407,0
255,26.2,107.2,0.600,1,0.291,2.827,1.416,0
256,25.0,106.7,0.600,1,0.279,2.782,1.389,0
257,23.9,107.7,0.600,1,0.282,2.738,1.334,0
258,22.9,109.4,0.563,1,0.301,2.697,1.289,0
259,21.9,111.6,0.443,1,0.433,2.657,1.259,0
260,21.0,114.2,0.456,1,0.473,2.617,1.245,0
261,20.1,117.0,0.467,1,0.502,2.575,1.250,0
262,19.0,119.8,0.417,1,0.415,2.526,1.278,0
263,17.9,122.3,0.348,1,0.420,2.474,1.327,0
264,17.0,124.5,0.355,1,0.394,2.427,1.391,0
265,16.5,126.4,0.301,1,0.380,2.383,1.465,0
266,16.2,128.2,0.254,1,0.362,2.343,1.539,0
267,16.2,130.1,0.235,1,0.337,2.308,1.610,0
268,16.4,132.0,0.230,1,0.332,2.276,1.678,0
269,16.7,133.9,0.350,1,0.296,2.246,1.745,0
270,17.2,135.7,0.375,1,0.275,2.218,1.811,0
271,17.8,137.6,0.412,1,0.271,2.195,1.872,0
272,18.4,139.3,0.394,1,0.269,2.175,1.928,0
273,19.0,141.1,0.514,1,0.274,2.159,1.978,0
274,19.7,142.7,0.437,1,0.280,2.145,2.025,0
275,20.2,144.3,0.413,1,0.290,2.132,2.068,0
276,20.8,145.9,0.444,1,0.289,2.121,2.107,0
277,21.4,147.3,0.431,1,0.285,2.111,2.142,0
278,21.9,148.7,0.420,1,0.278,2.102,2.173,0
279,22.4,150.1,0.540,1,0.346,2.096,2.200,0
280,22.9,151.3,0.600,1,0.327,2.091,2.230,0
281,23.2,152.4,0.600,1,0.320,2.086,2.267,0
282,23.4,153.2,0.600,1,0.329,2.082,2.308,0
283,23.4,153.8,0.600,1,0.323,2.079,2.353,0
284,23.2,154.2,0.600,1,0.372,2.078,2.402,0
285,22.9,154.5,0.600,1,0.340,2.077,2.455,0
286,22.6,154.7,0.600,1,0.330,2.075,2.514,0
287,22.3,154.8,0.600,1,0.333,2.076,2.576,0
288,22.0,154.9,0.600,1,0.326,2.079,2.639,0
289,21.7,154.9,0.490,1,0.318,2.083,2.705,0
290,21.4,154.9,0.524,1,0.231,2.089,2.773,0
291,21.2,154.9,0.523,1,0.289,2.097,2.842,0
292,20.9,154.9,0.520,1,0.282,2.112,2.909,0
293,20.6,154.8,0.551,1,0.287,2.126,2.979,0
294,20.2,154.6,0.544,1,0.290,2.141,3.052,0
295,19.8,154.4,0.504,1,0.298,2.157,3.126,0
296,19.2,154.0,0.476,1,0.302,2.173,3.203,0
297,18.7,153.7,0.356,1,-0.003,2.190,3.282,0
298,18.2,153.3,0.401,1,0.185,2.207,3.362,0
299,18.4,153.6,0.316,1,0.293,2.236,3.434,0
300,18.5,153.8,0.292,1,0.308,2.269,3.504,0
301,18.2,153.6,0.215,1,0.320,2.298,3.579,0
302,17.9,153.5,0.240,1,0.324,2.328,3.655,0
303,17.5,153.1,0.226,1,0.319,2.354,3.737,0
304,16.9,152.6,0.262,1,0.333,2.379,3.822,0
305,16.2,152.0,0.264,1,0.337,2.400,3.910,0
306,16.3,152.2,0.294,1,0.320,2.426,3.997,0
307,15.7,151.6,0.300,1,0.312,2.449,4.087,0
308,15.2,151.2,0.348,1,0.296,2.472,4.178,0
309,14.6,150.7,0.228,1,0.352,2.495,4.270,0
310,14.0,150.2,0.233,1,0.351,2.520,4.362,0
311,13.3,149.6,0.230,1,0.343,2.543,4.456,0
312,12.5,148.8,0.189,1,0.327,2.564,4.553,0
313,11.7,148.1,0.256,1,0.354,2.585,4.651,0
314,11.2,147.8,0.303,1,0.361,2.613,4.743,0
315,11.2,147.9,0.243,1,0.321,2.644,4.832,0
316,10.4,147.0,0.223,1,0.326,2.682,4.919,0
317,9.7,146.4,0.206,1,0.320,2.714,5.011,0
318,8.9,145.7,0.117,1,0.316,2.742,5.106,0
319,8.1,145.0,0.079,1,0.574,2.767,5.203,0
320,7.3,144.3,0.164,1,0.572,2.792,5.302,0
321,6.4,143.6,0.117,1,0.657,2.813,5.404,0
322,5.3,142.7,0.070,1,0.517,2.820,5.517,0
323,4.4,142.0,0.016,1,0.448,2.822,5.634,0
324,4.8,143.0,0.044,1,0.452,2.823,5.749,0
325,4.9,143.2,0.078,1,0.466,2.833,5.860,0
326,4.7,143.2,0.116,1,0.502,2.845,5.973,0
327,4.5,143.2,0.152,1,0.504,2.855,6.087,0
328,4.6,143.2,0.146,1,0.418,2.863,6.177,0
329,4.5,143.0,0.104,1,0.611,2.872,6.214,0
330,4.4,142.7,0.208,1,0.695,2.885,6.248,0
331,4.2,142.4,0.139,1,0.718,2.896,6.284,0
332,3.9,142.0,0.166,1,0.728,2.893,6.331,0
333,3.5,141.6,0.149,1,0.694,2.872,6.385,0
334,3.2,141.6,0.164,1,0.638,2.803,6.439,0
335,2.7,141.4,0.110,1,0.490,2.735,6.492,0
336,2.4,141.4,0.079,1,0.331,2.671,6.542,0
337,2.3,141.5,0.108,1,0.283,2.617,6.584,0
338,2.2,141.7,0.027,1,0.333,2.577,6.615,0
339,2.1,141.6,0.051,1,0.511,2.546,6.640,0
340,2.0,141.7,0.065,1,0.455,2.514,6.665,0
341,2.0,141.9,0.063,1,0.387,2.478,6.693,0
342,1.9,142.0,0.087,1,0.362,2.436,6.726,0
343,1.8,142.0,0.111,1,0.340,2.397,6.757,0
344,1.7,142.0,0.103,1,0.310,2.362,6.785,0
345,1.5,142.1,0.134,1,0.294,2.329,6.811,0
346,1.3,142.0,0.133,1,0.281,2.298,6.835,0
347,1.0,141.8,0.146,1,0.277,2.270,6.858,0
348,0.7,141.6,0.127,1,0.270,2.242,6.879,0
349,0.3,141.4,0.124,1,0.262,2.215,6.901,0
350,-0.1,141.2,0.127,1,0.276,2.188,6.921,0
351,-0.4,141.0,0.087,1,0.264,2.163,6.941,0
352,-0.3,140.8,0.117,1,0.250,2.142,6.962,0
353,1.4,140.7,0.105,1,0.231,2.149,6.981,0
354,3.2,140.5,0.115,1,0.224,2.152,7.000,0
355,5.1,140.4,0.194,1,0.239,2.150,7.017,0
356,6.9,140.2,0.230,1,0.279,2.145,7.034,0
357,8.9,140.3,0.291,1,0.246,2.133,7.016,0
358,10.8,140.3,0.350,1,0.233,2.113,6.996,0
359,12.7,140.2,0.470,1,0.258,2.090,6.971,0
360,14.6,140.0,0.513,1,0.178,2.062,6.944,0
361,16.6,139.8,0.578,1,0.220,2.030,6.914,0
362,18.5,139.5,0.577,1,0.226,1.998,6.880,0
363,20.3,139.0,0.600,1,0.252,1.970,6.845,0
364,22.1,138.3,0.600,1,0.240,1.946,6.811,0
365,23.8,137.4,0.563,1,0.241,1.926,6.777,0
366,25.5,136.5,0.561,1,0.219,1.912,6.743,0
367,27.1,135.4,0.547,1,0.237,1.902,6.709,0
368,28.8,134.5,0.527,1,0.256,1.898,6.674,0
369,30.5,133.4,0.600,1,0.278,1.895,6.641,0
370,32.0,132.2,0.600,1,0.284,1.896,6.607,0
371,33.3,130.9,0.600,1,0.301,1.899,6.573,0
372,34.6,129.5,0.600,1,0.301,1.903,6.541,0
373,35.9,128.1,0.600,1,0.293,1.908,6.509,0
374,37.1,126.6,0.600,1,0.287,1.911,6.476,0
375,38.4,125.1,0.600,1,0.300,1.911,6.442,0
376,39.7,123.6,0.549,1,0.300,1.906,6.408,0
377,40.9,122.0,0.522,1,0.295,1.900,6.371,0
378,42.2,120.4,0.490,1,0.296,1.888,6.335,0
379,43.6,118.9,0.600,1,-0.379,1.873,6.298,0
380,44.9,117.3,0.600,1,-0.289,1.854,6.261,0
381,46.3,115.7,0.600,1,0.269,1.839,6.221,0
382,48.1,114.8,0.600,1,0.268,1.837,6.175,0
383,49.9,113.7,0.600,1,0.280,1.838,6.130,0
384,51.3,112.1,0.600,1,0.277,1.838,6.088,0
385,52.5,110.5,0.600,1,0.250,1.841,6.046,0
386,53.9,108.9,0.600,1,0.271,1.849,6.003,0
387,55.0,107.2,0.600,1,-0.323,1.861,5.960,0
388,56.1,105.5,0.600,1,-0.356,1.878,5.916,0
389,57.3,104.1,0.600,1,0.305,1.905,5.869,0
390,59.0,103.6,0.600,1,0.317,1.943,5.818,0
391,60.9,103.5,0.600,1,0.304,1.987,5.765,0
392,62.2,102.7,0.600,1,0.303,2.029,5.714,0
393,62.7,101.0,0.600,1,0.299,2.067,5.666,0
394,62.6,98.6,0.600,1,0.303,2.103,5.620,0
395,62.3,96.2,0.600,1,0.297,2.142,5.572,0
396,62.0,93.7,0.600,1,0.286,2.182,5.523,0
397,61.6,91.4,0.600,1,0.287,2.225,5.473,0
398,61.2,89.2,0.600,1,0.294,2.270,5.422,0
399,60.8,87.0,0.600,1,0.299,2.317,5.370,0
400,60.3,84.8,0.600,1,0.332,2.365,5.316,0
401,59.6,82.6,0.600,1,0.311,2.414,5.262,0
402,58.9,80.3,0.600,1,0.314,2.463,5.206,0
403,58.1,78.2,0.600,1,0.330,2.514,5.148,0
404,57.3,76.1,0.600,1,0.318,2.566,5.090,0
405,56.6,74.1,0.600,1,0.312,2.619,5.031,0
406,55.7,72.0,0.600,1,0.299,2.673,4.971,0
407,54.5,70.0,0.600,1,0.305,2.731,4.909,0
408,53.2,68.2,0.600,1,0.300,2.792,4.847,0
409,51.5,66.3,0.600,1,0.370,2.855,4.786,0
410,50.3,65.1,0.600,1,0.342,2.920,4.727,0
411,48.7,63.8,0.600,1,0.384,2.986,4.671,0
412,47.0,62.6,0.600,1,0.336,3.046,4.615,0
413,45.0,61.4,0.600,1,0.370,3.104,4.562,0
414,43.4,60.7,0.600,1,0.340,3.161,4.513,0
415,42.1,60.4,0.600,1,0.334,3.220,4.467,0
416,40.8,60.1,0.600,1,0.309,3.280,4.424,0
417,39.1,59.4,0.600,1,0.305,3.335,4.379,0
418,37.2,58.5,0.600,1,0.298,3.389,4.334,0
419,35.4,57.7,0.600,1,0.308,3.443,4.288,0
420,33.6,56.8,0.600,1,0.305,3.498,4.243,0
421,31.8,55.9,0.600,1,0.297,3.552,4.196,0
422,30.0,55.1,0.600,1,0.296,3.609,4.150,0
423,28.8,54.7,0.600,1,0.294,3.670,4.105,0
424,27.3,53.9,0.600,1,0.300,3.729,4.059,0
425,25.7,53.0,0.600,1,0.303,3.785,4.008,0
426,24.1,52.0,0.600,1,0.300,3.840,3.952,0
427,22.6,51.0,0.600,1,0.296,3.894,3.893,0
428,21.0,49.8,0.584,1,0.275,3.947,3.830,0
429,19.5,48.7,0.587,1,0.767,4.000,3.765,0
430,18.8,48.1,0.467,1,0.961,4.057,3.701,0
431,17.7,47.2,0.587,1,0.767,4.111,3.635,0
432,16.6,46.1,0.559,1,0.805,4.150,3.557,0
433,16.6,46.2,0.531,1,0.847,4.185,3.475,0
434,14.8,44.6,0.479,1,0.939,4.208,3.389,0
435,13.6,43.3,0.438,1,0.948,4.231,3.303,0
436,11.6,41.6,0.402,1,0.933,4.224,3.196,0
437,9.9,40.1,0.372,1,0.927,4.199,3.078,0
438,8.3,38.9,0.350,1,0.943,4.166,2.957,0
439,7.1,38.0,0.465,1,0.968,4.126,2.835,0
440,6.0,37.3,0.570,1,0.789,4.084,2.712,0
441,4.2,35.9,0.558,1,0.806,4.056,2.600,0
442,4.3,36.6,0.572,1,0.787,4.027,2.485,0
443,2.8,35.8,0.452,1,0.996,4.003,2.376,0
444,1.3,35.3,0.332,1,1.000,3.978,2.270,0
445,-1.5,33.7,0.259,1,1.000,3.957,2.174,0
446,-3.8,33.0,0.222,1,1.000,3.933,2.085,0
447,-5.1,33.3,0.151,1,0.959,3.923,2.005,0
448,-5.6,34.6,0.123,1,0.940,3.906,1.923,0
449,-6.3,36.3,0.243,1,0.947,3.884,1.843,0
450,-6.8,38.3,0.342,1,0.873,3.857,1.769,0
451,-7.1,41.0,0.335,1,0.840,3.827,1.700,0
452,-7.6,43.6,0.343,1,0.827,3.801,1.642,0
453,-7.9,46.6,0.341,1,0.809,3.778,1.596,0
454,-8.0,49.8,0.300,1,0.856,3.758,1.559,0
455,-8.3,53.0,0.268,1,0.845,3.740,1.531,0
456,-9.6,56.1,0.220,1,0.790,3.658,1.510,0
457,-10.6,59.2,0.123,1,0.751,3.585,1.504,0
458,-11.0,62.6,0.077,1,0.716,3.524,1.511,0
459,-11.2,66.0,0.026,1,0.959,3.484,1.515,0
460,-11.1,68.7,0.024,1,0.942,3.457,1.513,0
461,-12.3,68.6,0.008,1,0.975,3.448,1.522,0
462,-13.3,70.3,-0.108,1,0.670,3.422,1.548,0
463,-13.4,73.4,-0.154,1,0.729,3.379,1.563,0
464,-10.6,78.5,-0.160,1,0.672,3.352,1.580,0
465,-8.2,83.4,-0.080,1,0.919,3.316,1.599,0
466,-7.7,86.7,-0.097,1,0.824,3.262,1.620,0
467,-6.4,91.1,-0.130,1,0.809,3.197,1.643,0
468,-4.7,95.9,-0.094,1,0.651,3.120,1.670,0
469,-3.1,100.6,0.026,1,0.843,3.035,1.703,0
470,-1.5,104.8,0.076,1,0.957,2.955,1.737,0
471,-0.1,108.8,0.062,1,0.904,2.877,1.775,0
472,1.4,112.9,0.035,1,0.866,2.788,1.823,0
473,2.8,116.8,-0.004,1,0.824,2.695,1.881,0
474,4.3,120.4,0.043,1,0.725,2.606,1.947,0
475,6.1,123.9,0.006,1,0.663,2.523,2.018,0
476,8.1,127.0,0.025,1,0.726,2.449,2.091,0
477,10.3,130.0,0.100,1,0.690,2.383,2.166,0
478,12.4,132.6,0.065,1,0.616,2.319,2.245,0
479,14.5,134.8,0.185,1,0.339,2.260,2.327,0
480,16.6,136.8,0.305,1,0.312,2.207,2.410,0
481,18.6,138.4,0.425,1,0.325,2.164,2.490,0
482,20.6,139.7,0.515,1,0.316,2.137,2.561,0
483,22.4,140.7,0.590,1,0.312,2.121,2.626,0
484,24.0,141.4,0.595,1,0.315,2.110,2.691,0
485,25.4,141.8,0.600,1,0.317,2.103,2.755,0
486,26.6,142.1,0.600,1,0.322,2.099,2.820,0
487,27.7,142.1,0.600,1,0.327,2.097,2.886,0
488,28.6,142.0,0.600,1,0.319,2.096,2.953,0
489,29.5,141.8,0.600,1,0.315,2.098,3.020,0
490,30.2,141.4,0.600,1,0.301,2.102,3.088,0
491,30.9,141.0,0.600,1,0.295,2.109,3.156,0
492,31.5,140.5,0.600,1,0.296,2.118,3.223,0
493,31.9,139.8,0.600,1,0.297,2.130,3.290,0
494,32.2,139.1,0.600,1,0.308,2.143,3.357,0
495,32.4,138.3,0.600,1,0.322,2.159,3.424,0
496,32.6,137.5,0.600,1,0.302,2.175,3.492,0
497,32.7,136.5,0.600,1,0.296,2.193,3.560,0
498,32.7,135.6,0.600,1,0.288,2.212,3.627,0
499,32.7,134.7,0.480,1,0.251,2.234,3.694,0
500,32.7,133.9,0.360,1,0.271,2.258,3.760,0
501,32.7,133.0,0.426,1,0.281,2.284,3.825,0
502,32.8,132.3,0.399,1,0.300,2.311,3.890,0
503,32.8,131.5,0.354,1,0.259,2.339,3.956,0
504,32.8,130.8,0.363,1,0.210,2.367,4.021,0
505,32.8,130.0,0.348,1,0.187,2.399,4.085,0
506,32.8,129.3,0.429,1,0.218,2.434,4.147,0
507,32.9,128.8,0.439,1,0.211,2.472,4.207,0
508,32.8,128.2,0.460,1,0.174,2.510,4.267,0
509,32.7,127.4,0.409,1,-0.086,2.548,4.328,0
510,32.5,126.7,0.525,1,0.373,2.589,4.387,0
511,32.4,126.1,0.600,1,0.319,2.633,4.445,0
512,32.1,125.3,0.600,1,0.339,2.673,4.505,0
513,31.3,124.0,0.600,1,0.325,2.706,4.570,0
514,30.4,122.7,0.600,1,0.313,2.738,4.636,0
515,29.3,121.3,0.600,1,0.305,2.769,4.702,0
516,28.3,119.9,0.600,1,0.292,2.802,4.766,0
517,27.4,118.6,0.600,1,0.289,2.836,4.829,0
518,26.6,117.4,0.574,1,0.261,2.872,4.891,0
519,25.8,116.4,0.454,1,0.475,2.909,4.953,0
520,25.0,115.3,0.539,1,0.458,2.946,5.014,0
521,24.2,114.2,0.507,1,0.526,2.981,5.076,0
522,22.9,112.8,0.413,1,0.672,3.005,5.141,0
523,21.5,111.3,0.341,1,0.704,3.022,5.209,0
524,20.0,109.7,0.324,1,0.693,3.029,5.280,0
525,18.7,108.3,0.337,1,0.681,3.030,5.351,0
526,17.4,107.1,0.338,1,0.707,3.028,5.422,0
527,16.0,106.0,0.310,1,0.724,2.997,5.491,0
528,14.7,105.1,0.226,1,0.692,2.932,5.559,0
529,13.4,104.2,0.346,1,0.595,2.866,5.627,0
530,12.4,103.6,0.420,1,0.695,2.800,5.694,0
531,11.4,103.1,0.443,1,0.614,2.737,5.760,0
532,10.3,102.4,0.399,1,0.620,2.673,5.826,0
533,9.3,101.8,0.329,1,0.620,2.612,5.890,0
534,8.3,101.2,0.280,1,0.489,2.552,5.953,0
535,7.3,100.7,0.330,1,0.391,2.494,6.016,0
536,6.5,100.3,0.305,1,0.356,2.443,6.077,0
537,5.8,99.8,0.374,1,0.384,2.403,6.135,0
538,5.1,99.5,0.327,1,0.351,2.368,6.192,0
539,4.4,99.1,0.274,1,0.280,2.332,6.250,0
540,3.8,98.7,0.176,1,0.296,2.298,6.306,0
541,3.2,98.4,0.118,1,0.296,2.267,6.363,0
542,3.2,98.2,0.121,1,0.284,2.297,6.418,0
543,3.4,97.9,0.097,1,0.238,2.338,6.474,0
544,3.8,97.7,0.069,1,0.210,2.378,6.529,0
545,4.4,97.5,0.157,1,0.232,2.420,6.583,0
546,5.1,97.3,0.273,1,0.222,2.460,6.637,0
547,5.9,97.1,0.246,1,0.223,2.495,6.691,0
548,6.7,96.8,0.347,1,0.291,2.526,6.745,0
549,7.6,96.5,0.316,1,0.413,2.551,6.799,0
550,8.5,96.2,0.314,1,0.396,2.567,6.854,0
551,9.4,95.8,0.270,1,0.318,2.573,6.908,0
552,10.2,95.4,0.291,1,0.331,2.577,6.963,0
553,11.1,95.0,0.317,1,0.333,2.585,7.018,0
554,11.9,94.6,0.437,1,0.342,2.595,7.072,0
555,12.7,94.2,0.550,1,0.336,2.607,7.126,0
556,13.4,93.7,0.542,1,0.325,2.620,7.180,0
557,13.9,93.0,0.526,1,0.316,2.634,7.234,0
558,14.4,92.3,0.505,1,0.310,2.651,7.287,0
559,14.8,91.6,0.399,1,0.497,2.670,7.339,0
560,15.1,90.9,0.503,1,0.428,2.691,7.392,0
561,15.3,90.0,0.508,1,0.379,2.710,7.443,0
562,15.3,88.9,0.545,1,0.356,2.725,7.495,0
563,15.1,87.8,0.577,1,0.339,2.743,7.545,0
564,15.0,86.6,0.600,1,0.320,2.764,7.595,0
565,14.8,85.5,0.600,1,0.314,2.787,7.627,0
566,14.5,84.3,0.513,1,0.291,2.813,7.624,0
567,14.1,83.1,0.525,1,0.287,2.842,7.621,0
568,13.7,81.9,0.600,1,0.303,2.872,7.617,0
569,13.3,80.6,0.480,1,0.533,2.904,7.613,0
570,12.7,79.2,0.381,1,0.595,2.936,7.608,0
571,11.9,77.7,0.261,1,0.512,2.964,7.601,0
572,10.8,76.1,0.251,1,0.520,2.980,7.590,0
573,9.7,74.4,0.195,1,0.498,2.994,7.578,0
574,8.9,73.0,0.125,1,0.458,3.008,7.564,0
575,8.2,71.8,0.174,1,0.469,3.024,7.549,0
576,7.7,70.9,0.105,1,0.457,3.043,7.535,0
577,7.4,70.0,0.138,1,0.486,3.062,7.520,0
578,7.1,69.3,0.109,1,0.458,3.082,7.504,0
579,6.8,68.6,0.229,1,0.785,3.102,7.487,0
580,6.5,67.9,0.349,1,0.731,3.123,7.471,0
581,6.1,67.2,0.330,1,0.716,3.141,7.452,0
582,4.8,66.1,0.312,1,0.576,3.079,7.427,0
583,3.5,65.2,0.301,1,0.650,3.019,7.399,0
584,2.6,64.2,0.295,1,0.583,3.001,7.372,0
585,1.9,63.3,0.277,1,0.582,2.981,7.345,0
586,1.3,62.4,0.264,1,0.601,2.962,7.318,0
587,0.7,61.5,0.179,1,0.596,2.942,7.290,0
588,0.1,60.0,0.223,1,0.578,2.922,7.240,0
589,-0.4,58.7,0.127,1,0.902,2.904,7.182,0
590,-0.9,57.3,0.175,1,0.773,2.886,7.115,0
591,-1.5,56.0,0.212,1,0.741,2.865,7.039,0
592,-2.0,54.8,0.150,1,0.691,2.834,6.949,0
593,-2.4,53.8,0.170,1,0.645,2.803,6.851,0
594,-2.7,53.0,0.277,1,0.543,2.775,6.748,0
595,-2.9,52.3,0.226,1,0.457,2.752,6.643,0
596,-3.1,51.6,0.346,1,0.512,2.737,6.538,0
597,-3.1,51.2,0.466,1,0.423,2.730,6.433,0
598,-3.2,50.6,0.470,1,0.397,2.723,6.325,0
599,-3.3,50.1,0.350,1,0.744,2.721,6.219,0
600,-3.6,49.4,0.230,1,0.778,2.724,6.116,0
601,-3.9,48.7,0.148,1,0.734,2.724,6.010,0
602,-4.5,47.8,0.082,1,0.546,2.710,5.894,0
603,-5.2,47.0,0.059,1,0.580,2.688,5.771,0
604,-5.1,47.0,0.064,1,0.600,2.670,5.650,0
605,-5.3,46.6,0.078,1,0.595,2.655,5.531,0
606,-5.4,46.3,0.066,1,0.437,2.642,5.413,0
607,-5.3,46.3,0.095,1,0.442,2.629,5.295,0
608,-5.6,45.8,0.185,1,0.412,2.624,5.182,0
609,-5.7,45.5,0.065,1,0.657,2.624,5.073,0
610,-5.8,45.0,-0.055,1,0.667,2.628,4.965,0
611,-6.6,43.8,-0.077,1,0.703,2.644,4.866,0
612,-7.6,42.7,-0.071,1,0.710,2.641,4.752,0
613,-8.4,41.9,-0.048,1,0.680,2.626,4.629,0
614,-9.3,41.2,-0.009,1,0.702,2.606,4.500,0
615,-9.9,40.7,-0.025,1,0.753,2.585,4.371,0
616,-11.4,39.4,-0.023,1,0.773,2.571,4.245,0
617,-12.7,38.3,-0.032,1,0.790,2.552,4.115,0
618,-13.5,37.8,0.032,1,0.768,2.532,3.984,0
619,-14.3,37.4,-0.088,1,0.569,2.510,3.849,0
620,-15.0,37.1,-0.208,1,0.635,2.485,3.711,0
621,-15.1,37.4,-0.322,1,0.587,2.467,3.578,0
622,-13.6,39.3,-0.323,1,0.533,2.455,3.451,0
623,-13.7,39.6,-0.344,1,0.417,2.441,3.324,0
624,-12.9,40.7,-0.311,1,0.400,2.434,3.203,0
625,-12.1,41.7,-0.283,1,0.393,2.436,3.089,0
626,-11.3,42.8,-0.299,1,0.433,2.442,2.980,0
627,-10.5,43.8,-0.224,1,0.434,2.452,2.873,0
628,-8.7,46.0,-0.252,1,0.471,2.467,2.767,0
629,-7.7,47.5,-0.193,1,0.428,2.476,2.662,0
630,-7.0,49.1,-0.168,1,0.449,2.450,2.556,0
631,-6.4,50.8,-0.121,1,0.483,2.407,2.463,0
632,-5.8,52.4,-0.117,1,0.492,2.363,2.435,0
633,-5.2,53.9,-0.113,1,0.492,2.316,2.407,0
634,-4.7,55.5,-0.093,1,0.499,2.268,2.380,0
635,-4.0,57.2,-0.108,1,0.474,2.220,2.353,0
636,-3.5,58.9,-0.105,1,0.500,2.172,2.327,0
637,-3.0,60.4,-0.073,1,0.550,2.124,2.303,0
638,-2.4,62.1,-0.071,1,0.532,2.075,2.279,0
639,-2.0,63.8,0.049,1,0.286,2.022,2.255,0
640,-1.4,65.6,0.040,1,0.294,1.969,2.233,0
641,-0.9,67.3,0.039,1,0.301,1.921,2.214,0
642,-0.5,68.6,0.090,1,0.322,1.884,2.200,0
643,1.2,69.8,0.076,1,0.333,1.879,2.189,0
644,2.7,70.6,0.056,1,0.314,1.872,2.179,0
645,4.4,71.9,0.046,1,0.309,1.860,2.170,0
646,6.2,74.7,-0.024,1,0.304,1.845,2.173,0
647,8.1,77.4,0.049,1,0.313,1.826,2.189,0
648,9.9,79.9,0.070,1,0.298,1.804,2.215,0
649,11.9,82.3,0.190,1,0.293,1.779,2.251,0
650,13.9,84.5,0.310,1,0.266,1.751,2.296,0
651,15.9,86.4,0.430,1,0.318,1.720,2.349,0
652,17.8,87.8,0.430,1,0.285,1.691,2.408,0
653,19.7,89.0,0.466,1,0.303,1.664,2.472,0
654,21.5,89.8,0.505,1,0.277,1.640,2.539,0
655,23.3,90.4,0.507,1,0.280,1.618,2.608,0
656,25.1,90.6,0.543,1,0.275,1.601,2.679,0
657,26.7,90.7,0.535,1,0.303,1.587,2.749,0
658,28.2,90.6,0.589,1,0.331,1.575,2.820,0
659,29.7,90.4,0.600,1,0.248,1.564,2.890,0
660,30.9,89.9,0.600,1,0.276,1.553,2.961,0
661,32.3,89.5,0.600,1,0.275,1.546,3.031,0
662,33.3,88.8,0.600,1,0.285,1.543,3.100,0
663,34.3,88.0,0.600,1,0.311,1.542,3.170,0
664,35.2,87.1,0.600,1,0.315,1.542,3.239,0
665,36.1,86.2,0.600,1,-0.322,1.542,3.307,0
666,36.8,85.1,0.600,1,-0.329,1.544,3.375,0
667,37.7,84.2,0.600,1,0.318,1.555,3.443,0
668,38.9,83.8,0.600,1,0.311,1.578,3.513,0
669,40.1,83.3,0.600,1,0.501,1.600,3.582,0
670,40.7,82.1,0.600,1,0.518,1.612,3.650,0
671,40.8,80.5,0.600,1,0.373,1.616,3.715,0
672,40.6,78.4,0.600,1,0.359,1.613,3.777,0
673,40.4,76.3,0.600,1,0.352,1.613,3.838,0
674,40.4,74.6,0.600,1,0.338,1.617,3.898,0
675,40.5,72.8,0.600,1,0.329,1.620,3.959,0
676,41.0,71.3,0.600,1,0.309,1.622,4.018,0
677,41.3,69.7,0.600,1,0.297,1.623,4.078,0
678,41.7,68.1,0.600,1,-0.270,1.620,4.136,0
679,42.2,66.4,0.600,1,0.283,1.617,4.195,0
680,43.0,65.2,0.600,1,0.304,1.618,4.257,0
681,44.1,64.3,0.600,1,0.295,1.622,4.322,0
682,44.9,62.9,0.600,1,0.315,1.615,4.383,0
683,45.5,61.3,0.600,1,0.322,1.601,4.440,0
684,46.0,59.4,0.600,1,0.332,1.583,4.495,0
685,46.5,57.4,0.600,1,0.343,1.563,4.548,0
686,47.2,55.7,0.600,1,0.340,1.547,4.601,0
687,48.0,53.9,0.600,1,0.343,1.533,4.652,0
688,48.7,52.1,0.600,1,0.335,1.521,4.702,0
689,49.6,50.4,0.600,1,0.379,1.511,4.751,0
690,50.5,48.6,0.600,0,0.331,1.505,4.799,0
691,51.3,46.8,0.600,0,0.317,1.500,4.846,0
692,52.3,45.2,0.600,0,-0.242,1.500,4.894,0
693,53.3,43.6,0.600,0,-0.081,1.502,4.942,0
694,54.4,42.5,0.600,0,0.307,1.514,4.996,0
695,55.8,41.9,0.600,0,0.306,1.536,5.062,0
696,57.1,41.3,0.600,0,0.302,1.558,5.127,0
697,58.0,40.1,0.600,0,0.293,1.576,5.182,0
698,58.5,38.4,0.600,0,0.295,1.591,5.231,0
699,59.0,36.7,0.600,0,0.312,1.608,5.279,0
700,59.4,34.9,0.600,0,0.443,1.626,5.326,0
